type,size,original,mzip,zstd,gzip,bzip2,xz,brotli,7z,rar,lz4,snappy,time_mzip,time_zstd,decomp_mzip,decomp_zstd,detected,verified,mzip_ratio,advantage,winner
Database IDs,1MB,1048576,32,93468,198500,42004,34128,27669,34212,3417,0,0,1133.21,948.39,12.75,2.41,LINEAR_GEN,yes,32768.00,106.781,mzip
Timestamps (regular),1MB,1048576,32,560113,663735,454876,360996,411619,361081,2693,0,0,616.75,327.82,14.74,4.47,LINEAR_GEN,yes,32768.00,84.156,mzip
Database IDs,256KB,262144,32,27349,49666,9531,9980,12485,10063,937,0,0,504.20,433.35,14.54,0.84,LINEAR_GEN,yes,8192.00,29.281,mzip
Timestamps (regular),256KB,262144,32,139895,167795,111741,90436,103889,90519,772,0,0,168.01,83.92,11.66,0.98,LINEAR_GEN,yes,8192.00,24.125,mzip
Database IDs,64KB,65536,32,8351,12480,2739,3388,1578,3463,301,0,0,74.54,23.28,11.09,0.15,LINEAR_GEN,yes,2048.00,9.406,mzip
Timestamps (regular),64KB,65536,32,36609,43776,27625,22776,28320,22852,287,0,0,64.71,9.92,11.96,0.21,LINEAR_GEN,yes,2048.00,8.969,mzip
Image gradient,256KB,262144,53,323,1125,774,576,764,662,602,0,0,221.46,5.26,19.34,0.11,NUMERIC,yes,4946.11,6.094,mzip
Image gradient,64KB,65536,39,212,318,377,268,221,351,264,0,0,75.48,1.00,14.90,0.03,NUMERIC,yes,1680.41,5.436,mzip
Timestamps (regular),16KB,16384,32,8881,11285,6968,5888,7793,5965,160,0,0,51.00,2.87,17.45,0.06,LINEAR_GEN,yes,512.00,5.000,mzip
JSON API,1MB,1048457,10046,60095,88600,59380,49256,55160,49339,87856,0,0,2170.67,1420.54,33.32,1.01,TEMPLATE,yes,104.37,4.903,mzip
Timestamps (regular),4KB,4096,30,2243,2860,2005,1644,2539,1721,142,0,0,46.30,0.49,13.48,0.02,LINEAR_GEN,yes,136.53,4.733,mzip
JSON API,256KB,262081,2874,15975,22459,15455,13092,14582,13176,22702,0,0,674.55,523.64,18.51,0.30,TEMPLATE,yes,91.19,4.555,mzip
Database IDs,4KB,4096,30,389,847,577,456,372,532,126,0,0,48.63,2.14,13.85,0.02,LINEAR_GEN,yes,136.53,4.200,mzip
Database IDs,16KB,16384,32,1478,3160,1024,1196,813,1273,131,0,0,59.77,13.33,13.35,0.06,LINEAR_GEN,yes,512.00,4.094,mzip
JSON API,64KB,65392,1016,4211,5807,4196,3740,3985,3816,5868,0,0,96.53,56.20,15.23,0.09,TEMPLATE,yes,64.36,3.681,mzip
Image gradient,1MB,1048576,124,397,4378,1048,1580,1036,1665,1769,0,0,541.39,9.73,15.17,0.25,NUMERIC,yes,8456.26,3.202,mzip
XML document,1MB,1048528,10383,36811,72735,48964,30256,35364,30339,63665,0,0,2382.75,1532.64,31.98,0.99,LINE_GROUP_TPL,yes,100.99,2.914,mzip
XML document,256KB,262048,2966,10168,18591,12942,8180,10010,8264,16664,0,0,855.55,548.79,20.45,0.26,LINE_GROUP_TPL,yes,88.35,2.758,mzip
Audio PCM,64KB,65536,1696,4363,4824,7031,4428,4066,4512,11229,0,0,87.03,1.00,14.81,0.02,NUMERIC,yes,38.64,2.397,mzip
Audio PCM,16KB,16384,1703,4362,4476,6517,4400,4066,4475,7150,0,0,55.54,0.44,13.78,0.02,NUMERIC,yes,9.62,2.388,mzip
Audio PCM,256KB,262144,1708,4378,6103,9108,4456,4067,4542,14091,0,0,341.21,5.31,25.70,0.13,NUMERIC,yes,153.48,2.381,mzip
Audio PCM,1MB,1048576,1774,4444,11233,19953,4568,4067,4653,19743,0,0,640.01,10.07,13.68,0.23,NUMERIC,yes,591.08,2.293,mzip
JSON API,16KB,16320,488,1163,1620,1220,1228,1099,1306,1646,0,0,31.33,15.20,12.38,0.03,TEMPLATE,yes,33.44,2.252,mzip
XML document,64KB,65499,1020,2814,4922,3480,2288,2645,2365,4156,0,0,153.83,63.42,13.43,0.08,LINE_GROUP_TPL,yes,64.21,2.243,mzip
Float temperature,1MB,1048576,155452,453500,478563,449012,338980,376687,339063,644801,0,0,1544.41,372.17,16.52,3.58,NUMERIC,yes,6.75,2.181,mzip
Float temperature,256KB,262144,41413,113864,118803,116520,89780,97586,89863,153815,0,0,408.36,102.51,13.87,0.99,NUMERIC,yes,6.33,2.168,mzip
Audio PCM,4KB,4096,1582,4052,4062,4180,4052,3784,4127,3424,0,0,69.35,0.38,17.19,0.01,NUMERIC,yes,2.59,2.164,mzip
Float temperature,16KB,16384,3493,8494,8679,9165,7424,7991,7499,11237,0,0,67.79,4.63,15.81,0.08,NUMERIC,yes,4.69,2.125,mzip
Float temperature,64KB,65536,11817,28686,29695,29786,23492,25070,23567,38911,0,0,126.68,18.78,12.24,0.19,NUMERIC,yes,5.55,1.988,mzip
Float temperature,4KB,4096,1296,2549,2601,2794,2464,2547,2542,2612,0,0,61.04,1.00,16.25,0.03,NUMERIC,yes,3.16,1.901,mzip
XML document,16KB,16329,476,848,1388,1078,908,853,984,1311,0,0,73.35,16.73,12.78,0.03,LINE_GROUP_TPL,yes,34.30,1.782,mzip
GPS coordinates,4KB,4096,673,2363,2493,3043,1760,1759,1836,1138,0,0,51.79,0.68,13.91,0.02,NUMERIC,yes,6.09,1.691,mzip
Image gradient,16KB,16384,38,74,109,127,152,64,228,158,0,0,50.70,0.12,12.24,0.01,NUMERIC,yes,431.16,1.684,mzip
Sparse bitmap,4KB,4096,62,105,128,116,172,94,250,204,0,0,56.74,3.75,13.21,0.01,SPARSE,yes,66.06,1.516,mzip
Integer array,4KB,4096,283,1088,1512,1397,784,1167,861,427,0,0,50.37,0.70,11.91,0.02,NUMERIC,yes,14.47,1.509,mzip
Sparse bitmap,16KB,16384,192,336,347,275,448,296,525,445,0,0,65.77,15.15,13.73,0.03,SPARSE,yes,85.33,1.432,mzip
Integer array,16KB,16384,896,4257,5750,5545,2396,4561,2472,1259,0,0,65.51,3.74,15.75,0.09,NUMERIC,yes,18.29,1.405,mzip
CSV data,256KB,262112,24525,44898,58003,51771,34120,37369,34204,60258,0,0,707.51,239.43,19.45,0.60,CSV_COLUMNAR,yes,10.69,1.391,mzip
CSV data,1MB,1048553,91075,180051,228589,197498,125500,142806,125585,228621,0,0,2767.42,732.07,37.08,2.79,CSV_COLUMNAR,yes,11.51,1.378,mzip
CSV data,64KB,65520,7255,12549,15283,13732,9988,10127,10065,16704,0,0,177.10,45.58,14.55,0.16,CSV_COLUMNAR,yes,9.03,1.377,mzip
Integer array,64KB,65536,3350,40250,22832,22247,8080,18389,8156,4536,0,0,90.11,11.64,12.88,0.12,NUMERIC,yes,19.56,1.354,mzip
Makefile,1MB,1048576,47666,71438,100273,77697,63744,63177,63827,89653,0,0,2549.79,1419.36,17.71,0.99,UNKNOWN,yes,22.00,1.325,mzip
Integer array,256KB,262144,13213,115832,91036,89248,29700,92287,29786,17487,0,0,303.89,132.61,15.12,1.13,NUMERIC,yes,19.84,1.323,mzip
Integer array,1MB,1048576,52614,319051,363956,359174,114888,309445,114974,69538,0,0,983.06,317.57,16.04,5.25,NUMERIC,yes,19.93,1.322,mzip
CSV data,16KB,16347,2163,3328,4135,3695,2984,2778,3061,4459,0,0,82.07,9.97,14.29,0.07,CSV_COLUMNAR,yes,7.56,1.284,mzip
Timestamps (jitter),4KB,4096,923,3282,3232,3283,2172,2885,2250,1180,0,0,52.18,0.53,12.19,0.02,NUMERIC,yes,4.44,1.278,mzip
Sparse bitmap,64KB,65536,689,1251,1244,880,1460,1046,1544,1369,0,0,98.36,50.29,11.35,0.04,SPARSE,yes,95.12,1.277,mzip
JSON API,4KB,3955,276,397,516,464,504,352,579,556,0,0,7.74,3.25,16.95,0.03,TEMPLATE,yes,14.33,1.275,mzip
Makefile,256KB,262144,13060,18580,25342,19452,17004,16621,17089,23045,0,0,866.50,662.93,15.81,0.45,UNKNOWN,yes,20.07,1.273,mzip
GPS coordinates,16KB,16384,2582,9555,9766,11801,6636,6903,6713,3207,0,0,56.50,2.61,11.55,0.09,NUMERIC,yes,6.35,1.242,mzip
Makefile,64KB,65536,3876,5330,6883,5276,5024,4752,5107,6414,0,0,203.17,61.83,12.03,0.09,UNKNOWN,yes,16.91,1.226,mzip
Timestamps (jitter),16KB,16384,3613,13395,12824,12865,8384,8810,8460,4269,0,0,60.08,1.67,17.48,0.04,NUMERIC,yes,4.53,1.182,mzip
JavaScript,64KB,65536,4511,6852,7255,5319,6804,6358,6879,7410,0,0,261.19,76.79,13.65,0.10,CODE_STREAM,yes,14.53,1.179,mzip
JavaScript,256KB,262144,11366,20474,24970,13230,20508,19471,20593,22439,0,0,919.73,303.16,20.99,0.24,CODE_STREAM,yes,23.06,1.164,mzip
GPS coordinates,1MB,1048576,158365,606341,619990,747826,417148,439067,417233,183429,0,0,1035.47,346.13,13.75,6.05,NUMERIC,yes,6.62,1.158,mzip
JavaScript,1MB,1048576,38287,67586,95036,44108,68500,65512,68584,75302,0,0,3351.48,1348.46,58.20,0.74,CODE_STREAM,yes,27.39,1.152,mzip
GPS coordinates,256KB,262144,39663,151725,155147,187183,104392,109211,104475,45686,0,0,284.48,101.19,17.44,1.52,NUMERIC,yes,6.61,1.152,mzip
GPS coordinates,64KB,65536,9980,38300,38829,46979,26184,27443,26260,11452,0,0,90.00,11.88,11.02,0.29,NUMERIC,yes,6.57,1.147,mzip
Sparse bitmap,256KB,262144,2682,4485,4644,3076,5424,4020,5508,5061,0,0,327.63,205.65,14.36,0.12,SPARSE,yes,97.74,1.147,mzip
JavaScript,16KB,16384,1968,2532,2602,2392,2544,2247,2621,2703,0,0,97.12,12.78,15.33,0.03,CODE_STREAM,yes,8.33,1.142,mzip
Makefile,16KB,16384,1449,1904,2161,1893,1892,1636,1968,2118,0,0,82.52,14.88,11.50,0.04,UNKNOWN,yes,11.31,1.129,mzip
Python,1MB,1048576,36617,64560,97787,41125,68092,63689,68176,72135,0,0,2360.59,1234.99,58.79,0.76,BWT_TEXT,yes,28.64,1.123,mzip
Access log,256KB,262144,22406,31814,32820,25139,30212,30548,30297,37491,0,0,370.31,161.52,18.85,0.26,TEMPLATE,yes,11.70,1.122,mzip
K8s manifests,1MB,1048576,22391,33607,50913,24967,40172,32579,40256,38840,0,0,1588.52,755.70,41.24,0.45,BWT_TEXT,yes,46.83,1.115,mzip
Java,1MB,1048576,33492,55562,79186,37186,54988,47984,55071,61723,0,0,1854.76,755.22,59.33,0.80,BWT_TEXT,yes,31.31,1.110,mzip
Access log,1MB,1048576,87179,124277,129867,96667,116688,120148,116773,145040,0,0,1591.31,637.55,51.27,0.97,TEMPLATE,yes,12.03,1.109,mzip
PHP,1MB,1048576,25605,43540,59268,28242,44760,40126,44846,49245,0,0,2401.67,1356.88,54.42,0.53,BWT_TEXT,yes,40.95,1.103,mzip
Timestamps (jitter),64KB,65536,14365,56302,51530,51628,33176,35209,33253,15798,0,0,86.62,9.58,11.58,0.18,NUMERIC,yes,4.56,1.100,mzip
Executable,64KB,65536,32757,43802,42966,43549,41996,41105,42082,35805,0,0,118.01,18.43,12.27,0.20,NUMERIC,yes,2.00,1.093,mzip
Sparse bitmap,1MB,1048576,10629,17706,18333,11614,21136,15835,21219,19564,0,0,627.12,466.04,12.98,0.34,SPARSE,yes,98.65,1.093,mzip
Go,1MB,1048576,26726,44713,58102,29183,48948,45072,49031,48957,0,0,2443.29,1353.98,57.78,0.53,BWT_TEXT,yes,39.23,1.092,mzip
Timestamps (jitter),1MB,1048576,229406,850407,824669,838024,528472,555495,528558,250393,0,0,945.33,279.57,15.53,2.83,NUMERIC,yes,4.57,1.091,mzip
Timestamps (jitter),256KB,262144,57374,212551,206200,206653,132232,141145,132316,62608,0,0,271.57,55.56,14.68,0.83,NUMERIC,yes,4.57,1.091,mzip
Access log,16KB,16384,1906,2288,2403,2078,2372,2206,2448,2718,0,0,21.63,9.04,11.57,0.03,TEMPLATE,yes,8.60,1.090,mzip
XML document,4KB,3973,292,336,472,423,444,316,519,491,0,0,56.43,2.31,11.17,0.01,LINE_GROUP_TPL,yes,13.61,1.082,mzip
Rust,1MB,1048576,29612,49605,64701,32026,53412,47829,53495,55409,0,0,1961.07,995.36,63.53,0.61,BWT_TEXT,yes,35.41,1.082,mzip
Executable,1MB,1048576,500972,702996,682424,682685,660972,669495,661056,540390,0,0,1519.96,389.25,16.91,2.99,NUMERIC,yes,2.09,1.079,mzip
C,1MB,1048576,51818,79080,101555,55450,82548,74885,82631,88330,0,0,2297.06,1099.29,64.24,0.83,BWT_TEXT,yes,20.24,1.070,mzip
Access log,64KB,65536,6496,8246,8570,6951,8108,7973,8184,9931,0,0,91.03,43.28,15.06,0.09,TEMPLATE,yes,10.09,1.070,mzip
GraphQL queries,1MB,1048576,27397,49037,62686,29312,55592,49610,55677,55413,0,0,1975.11,1110.33,47.21,0.61,BWT_TEXT,yes,38.27,1.070,mzip
INI config,1MB,1048576,148248,209497,210227,158103,200100,203590,200186,218328,0,0,1682.52,849.47,29.77,1.71,KV_CONFIG,yes,7.07,1.066,mzip
Executable,4KB,4096,2084,2689,2682,2842,2756,2497,2834,2222,0,0,63.81,1.78,26.53,0.03,NUMERIC,yes,1.97,1.066,mzip
Executable,256KB,262144,127999,175778,171097,171897,166256,166727,166342,136145,0,0,475.17,101.02,16.94,0.79,NUMERIC,yes,2.05,1.064,mzip
Syslog,64KB,65536,9020,11852,12081,9575,11732,11357,11807,13447,0,0,84.97,47.79,14.07,0.12,TEMPLATE,yes,7.27,1.062,mzip
Syslog,16KB,16384,2567,3127,3241,2719,3264,2991,3339,3629,0,0,19.77,7.67,11.88,0.04,TEMPLATE,yes,6.38,1.059,mzip
Syslog,1MB,1048576,129627,184664,187677,136993,173160,176865,173245,197041,0,0,1403.25,607.47,57.75,1.37,TEMPLATE,yes,8.09,1.057,mzip
Syslog,4KB,4096,836,925,976,897,1020,883,1097,1097,0,0,6.62,1.73,13.06,0.01,TEMPLATE,yes,4.90,1.056,mzip
HTML,1MB,1048558,66700,104732,123787,70429,102544,103209,102628,114163,0,0,2021.09,826.84,54.15,1.02,HTML_STREAM,yes,15.72,1.056,mzip
Syslog,256KB,262144,33351,46705,47226,35152,44500,44521,44586,50587,0,0,347.46,153.30,18.85,0.36,TEMPLATE,yes,7.86,1.054,mzip
YAML config,1MB,1048576,39949,65588,77658,42094,67616,63554,67702,73564,0,0,1858.78,903.57,46.88,0.68,BWT_TEXT,yes,26.25,1.054,mzip
TypeScript/JSX,1MB,1048576,44017,71525,93054,46368,73564,70337,73648,82090,0,0,2344.45,1186.05,65.81,0.76,BWT_TEXT,yes,23.82,1.053,mzip
INI config,4KB,4096,866,1038,1068,912,1136,985,1211,1200,0,0,67.32,1.99,17.25,0.03,KV_CONFIG,yes,4.73,1.053,mzip
Cargo.toml,1MB,1048576,37687,61745,70526,39664,62072,61217,62157,67263,0,0,2013.60,1094.75,48.84,0.82,BWT_TEXT,yes,27.82,1.052,mzip
Bash script,1MB,1048576,36606,61212,72560,38403,66108,57582,66192,67610,0,0,2073.72,1072.97,65.34,0.72,BWT_TEXT,yes,28.64,1.049,mzip
Docker Compose,1MB,1048576,18900,25294,33442,19797,28572,22811,28658,29710,0,0,2846.43,1884.63,51.36,0.48,BWT_TEXT,yes,55.48,1.047,mzip
Markdown docs,1MB,1048576,40230,70694,89494,42007,75828,71652,75913,81124,0,0,1842.62,938.81,56.56,0.79,BWT_TEXT,yes,26.06,1.044,mzip
Nginx access log,1MB,1048576,85728,119411,128768,89307,115712,114951,115798,134261,0,0,1704.07,775.93,53.74,0.86,COLUMNAR,yes,12.23,1.042,mzip
CSS,1MB,1048576,42681,71083,81459,44446,76668,70007,76751,81953,0,0,1988.26,942.28,64.56,0.75,BWT_TEXT,yes,24.57,1.041,mzip
package.json,1MB,1048576,56529,88834,98841,58813,84776,85434,84861,97939,0,0,1667.47,701.90,55.84,0.76,BWT_TEXT,yes,18.55,1.040,mzip
Email headers,1MB,1048576,78669,119100,138227,81796,119044,117016,119129,134228,0,0,1664.19,696.81,47.44,0.93,BWT_TEXT,yes,13.33,1.040,mzip
Sensor 16-bit,64KB,65536,27610,35642,35600,28773,31888,28660,31965,35362,0,0,108.01,22.25,13.40,0.23,NUMERIC,yes,2.37,1.038,mzip
Sensor 16-bit,1MB,1048576,440448,517538,554357,456322,480456,465254,480541,534243,0,0,1486.50,585.18,15.08,3.49,NUMERIC,yes,2.38,1.036,mzip
Sensor 16-bit,256KB,262144,110289,133698,139381,114238,122872,114698,122957,136756,0,0,376.65,127.22,14.60,1.18,NUMERIC,yes,2.38,1.036,mzip
Sensor 16-bit,16KB,16384,6941,9447,9411,7369,8692,7187,8768,9660,0,0,61.47,3.52,12.55,0.05,NUMERIC,yes,2.36,1.035,mzip
HTML,256KB,262144,18288,28985,31975,18909,28372,28390,28456,31724,0,0,526.32,197.74,21.31,0.31,HTML_STREAM,yes,14.33,1.034,mzip
SQL dump,1MB,1048526,56029,86846,99592,57742,87792,84425,87878,95577,0,0,1963.13,1210.05,48.01,0.79,BWT_TEXT,yes,18.71,1.031,mzip
Protobuf-like,16KB,16384,10407,12050,12163,10705,11500,10715,11576,12341,0,0,80.06,2.10,18.17,0.04,DUAL_STREAM,yes,1.57,1.029,mzip
Unicode text,1MB,1048576,28056,46665,54502,28852,51884,46598,51969,49159,0,0,1677.68,940.21,46.69,0.54,BWT_TEXT,yes,37.37,1.028,mzip
INI config,256KB,262144,38904,53936,53041,40005,51704,52602,51790,55880,0,0,447.28,231.64,19.22,0.45,KV_CONFIG,yes,6.74,1.028,mzip
Executable,16KB,16384,8385,10928,10814,11092,10784,10264,10859,8618,0,0,62.94,3.86,11.74,0.05,NUMERIC,yes,1.95,1.028,mzip
Protobuf-like,64KB,65536,41191,47970,48593,42277,45444,42699,45530,49119,0,0,117.66,12.79,14.53,0.16,DUAL_STREAM,yes,1.59,1.026,mzip
Protobuf-like,4KB,4096,2654,3030,3068,2785,2992,2721,3068,3181,0,0,50.68,0.41,11.72,0.01,DUAL_STREAM,yes,1.54,1.025,mzip
Sensor 16-bit,4KB,4096,1787,2492,2464,1969,2436,1832,2512,2512,0,0,58.94,0.72,13.67,0.02,NUMERIC,yes,2.29,1.025,mzip
Nginx access log,256KB,262144,22952,31220,32631,23460,30016,29721,30100,35381,0,0,428.29,203.27,11.08,0.24,COLUMNAR,yes,11.42,1.022,mzip
CSV data,4KB,4047,802,902,1176,1068,976,819,1052,1243,0,0,55.84,1.37,11.97,0.01,CSV_COLUMNAR,yes,5.05,1.021,mzip
PHP,256KB,262144,8606,12638,15698,8788,12548,11319,12632,14085,0,0,745.78,356.81,20.12,0.17,BWT_TEXT,yes,30.46,1.021,mzip
Java,256KB,262144,10977,15806,20681,11202,15028,13408,15111,17323,0,0,531.09,193.24,21.11,0.22,BWT_TEXT,yes,23.88,1.020,mzip
Nginx access log,64KB,65536,6858,8539,8699,6993,8232,8030,8317,9734,0,0,150.36,56.88,3.35,0.08,COLUMNAR,yes,9.56,1.020,mzip
Protobuf-like,256KB,262144,164191,191794,194176,167134,181092,170707,181175,195666,0,0,454.76,122.64,17.91,0.72,DUAL_STREAM,yes,1.60,1.018,mzip
Protobuf-like,1MB,1048576,656313,768189,776628,666478,720616,682764,720699,773740,0,0,1157.25,260.10,14.76,2.29,DUAL_STREAM,yes,1.60,1.015,mzip
TOML config,1MB,1048576,112496,149098,157820,113819,148176,148006,148260,166867,0,0,1727.77,642.23,56.00,1.09,BWT_TEXT,yes,9.32,1.012,mzip
Go,256KB,262144,8615,13284,15381,8692,14012,13033,14097,14263,0,0,799.23,382.97,18.63,0.16,BWT_TEXT,yes,30.43,1.009,mzip
Java,64KB,65536,3996,4993,5820,4023,4764,4270,4840,5356,0,0,159.03,46.09,14.08,0.07,BWT_TEXT,yes,16.40,1.007,mzip
TOML config,256KB,262144,29428,38909,39970,29607,38608,38438,38693,44014,0,0,434.68,155.21,19.37,0.34,BWT_TEXT,yes,8.91,1.006,mzip
.env file,1MB,1048576,290059,319790,332124,291414,321684,312322,321768,338189,0,0,2068.62,560.04,65.79,1.41,BWT_TEXT,yes,3.62,1.005,mzip
.env file,64KB,65536,19876,21302,21642,19964,21472,20708,21556,22408,0,0,172.29,40.49,14.85,0.13,BWT_TEXT,yes,3.30,1.004,mzip
Natural text,1MB,1048576,113920,147219,160004,114399,146816,151402,146900,163430,0,0,1720.95,901.30,60.16,1.98,BWT_TEXT,yes,9.20,1.004,mzip
Python,256KB,262144,12754,20138,25178,12806,20508,19599,20591,22153,0,0,609.57,301.21,19.33,0.28,BWT_TEXT,yes,20.55,1.004,mzip
Cargo.toml,256KB,262144,10555,16952,18273,10591,16904,16584,16988,18280,0,0,581.96,331.89,22.79,0.20,BWT_TEXT,yes,24.84,1.003,mzip
CSS,256KB,262144,12201,19749,21032,12230,20560,19131,20644,22283,0,0,507.21,252.98,22.12,0.24,BWT_TEXT,yes,21.49,1.002,mzip
Rust,256KB,262144,9292,14538,17071,9310,15292,13832,15375,15988,0,0,583.21,338.58,19.45,0.20,BWT_TEXT,yes,28.21,1.002,mzip
Markdown docs,256KB,262144,11424,20064,22954,11441,20656,20386,20741,22466,0,0,573.98,334.03,22.32,0.25,BWT_TEXT,yes,22.95,1.001,mzip
.env file,256KB,262144,72913,80191,82468,72967,80684,78137,80767,84427,0,0,545.45,147.49,22.10,0.38,BWT_TEXT,yes,3.60,1.001,mzip
package.json,256KB,262144,15587,23867,25471,15598,22632,22743,22715,26361,0,0,463.83,210.78,20.07,0.21,BWT_TEXT,yes,16.82,1.001,mzip
Random bytes,4KB,4096,4100,4106,4132,4286,4152,4101,4230,4173,0,0,70.27,0.44,0.00,0.01,BWT_TEXT,yes,1.00,1.000,mzip
Random bytes,1MB,1048576,1048581,1048609,1048719,1051618,1048696,1048584,1048781,1048744,0,0,1107.94,217.40,0.46,0.31,INCOMPRESSIBLE,yes,1.00,1.000,mzip
Random bytes,256KB,262144,262149,262159,262207,262971,262216,262149,262301,262304,0,0,2512.21,34.22,0.10,0.08,BWT_TEXT,yes,1.00,1.000,mzip
TOML config,64KB,65536,8059,10561,10562,8059,10464,10282,10547,11972,0,0,147.88,46.38,14.16,0.11,BWT_TEXT,yes,8.13,1.000,mzip
Random bytes,16KB,16384,16389,16394,16421,16575,16440,16389,16518,16541,0,0,195.42,1.42,0.01,0.00,BWT_TEXT,yes,1.00,1.000,mzip
Random bytes,64KB,65536,65541,65546,65578,65843,65596,65541,65673,65694,0,0,643.22,7.26,0.02,0.02,BWT_TEXT,yes,1.00,1.000,mzip
Natural text,256KB,262144,28794,39139,40475,28788,38744,39974,38829,42530,0,0,479.38,186.20,21.05,0.40,BWT_TEXT,yes,9.10,1.000,bzip2
C,256KB,262144,15706,22844,26379,15689,23000,21192,23083,25017,0,0,694.44,310.92,21.79,0.25,BWT_TEXT,yes,16.69,0.999,bzip2
Docker Compose,256KB,262144,5691,6959,8841,5684,7736,6505,7820,8226,0,0,747.03,529.03,18.74,0.12,BWT_TEXT,yes,46.06,0.999,bzip2
Base64 data,1MB,1048576,791248,791248,792355,793501,807404,790139,807490,813831,0,0,1195.59,259.57,2.58,2.12,RAW,yes,1.33,0.999,brotli
Base64 data,256KB,262144,197843,197843,198141,198401,202140,197547,202226,203395,0,0,292.69,70.34,0.59,0.64,RAW,yes,1.33,0.999,brotli
SQL dump,256KB,262028,15424,23783,25763,15397,23692,22787,23775,25837,0,0,528.69,302.85,20.46,0.26,BWT_TEXT,yes,16.99,0.998,bzip2
Natural text,64KB,65536,7432,10556,10567,7418,10508,10645,10583,11527,0,0,141.50,44.86,14.37,0.12,BWT_TEXT,yes,8.82,0.998,bzip2
Base64 data,16KB,16384,12387,12387,12455,12464,12892,12363,12968,12836,0,0,54.19,1.60,0.07,0.04,RAW,yes,1.32,0.998,brotli
Base64 data,64KB,65536,49498,49498,49598,49651,50796,49398,50873,50926,0,0,100.14,8.61,0.16,0.15,RAW,yes,1.32,0.998,brotli
TypeScript/JSX,256KB,262144,12962,20544,24113,12935,20572,19699,20657,23316,0,0,676.45,325.74,22.14,0.26,BWT_TEXT,yes,20.22,0.998,bzip2
GraphQL queries,256KB,262144,7971,13773,16171,7952,15048,13852,15132,15323,0,0,709.97,406.83,22.10,0.19,BWT_TEXT,yes,32.89,0.998,bzip2
C,64KB,65536,5343,7106,7465,5330,7004,6454,7082,7705,0,0,172.02,72.11,13.78,0.09,BWT_TEXT,yes,12.27,0.998,bzip2
PHP,64KB,65536,3347,4120,4649,3337,4056,3601,4142,4545,0,0,204.95,90.94,14.93,0.08,BWT_TEXT,yes,19.58,0.997,bzip2
Bash script,256KB,262144,10581,17080,18859,10548,18416,16111,18500,18763,0,0,600.74,310.84,21.47,0.21,BWT_TEXT,yes,24.77,0.997,bzip2
HTML,64KB,65469,5838,8534,8831,5819,8408,8152,8486,9329,0,0,170.50,50.46,13.38,0.11,BWT_TEXT,yes,11.21,0.997,bzip2
Python,64KB,65536,5491,7182,7488,5471,7168,6743,7243,7715,0,0,222.86,89.10,19.31,0.13,BWT_TEXT,yes,11.94,0.996,bzip2
YAML config,256KB,262144,11864,18253,20185,11815,18248,17404,18331,20334,0,0,588.31,309.41,20.95,0.26,BWT_TEXT,yes,22.10,0.996,bzip2
Email headers,256KB,262144,22064,32447,35222,21956,31860,31551,31945,36304,0,0,517.34,240.02,27.62,0.35,BWT_TEXT,yes,11.88,0.995,bzip2
INI config,16KB,16384,2863,3599,3623,2845,3688,3517,3764,3972,0,0,60.89,7.51,12.13,0.04,KV_CONFIG,yes,5.72,0.994,bzip2
GraphQL queries,64KB,65536,2915,4290,4556,2895,4504,4179,4589,4828,0,0,207.07,105.78,13.98,0.07,BWT_TEXT,yes,22.48,0.993,bzip2
Base64 data,4KB,4096,3128,3128,3150,3170,3360,3106,3436,3269,0,0,50.22,0.35,0.03,0.01,RAW,yes,1.31,0.993,brotli
INI config,64KB,65536,10361,13700,13597,10274,13524,13436,13601,14680,0,0,119.03,37.58,12.20,0.13,KV_CONFIG,yes,6.33,0.992,bzip2
SQL dump,64KB,65336,4865,6989,7122,4824,6912,6562,6990,7467,0,0,170.01,70.87,14.24,0.08,BWT_TEXT,yes,13.43,0.992,bzip2
K8s manifests,256KB,262144,7866,10238,13553,7795,11504,9620,11589,11700,0,0,635.99,310.84,19.69,0.17,BWT_TEXT,yes,33.33,0.991,bzip2
Cargo.toml,64KB,65536,3626,5072,5195,3590,4916,4826,5001,5482,0,0,164.29,65.34,13.23,0.07,BWT_TEXT,yes,18.07,0.990,bzip2
Natural text,16KB,16384,2051,2940,2974,2030,3020,2961,3096,3237,0,0,68.62,8.76,12.42,0.04,BWT_TEXT,yes,7.99,0.990,bzip2
Markdown docs,64KB,65536,3910,6171,6406,3869,6236,6133,6320,6855,0,0,167.04,64.41,16.89,0.09,BWT_TEXT,yes,16.76,0.990,bzip2
Email headers,64KB,65536,7014,9317,9547,6939,9108,8880,9192,10287,0,0,155.11,66.45,13.90,0.13,BWT_TEXT,yes,9.34,0.989,bzip2
Unicode text,256KB,262144,7767,12874,14078,7681,13916,12868,14001,13743,0,0,549.95,300.22,20.90,0.17,BWT_TEXT,yes,33.75,0.989,bzip2
Go,64KB,65536,3550,4407,4590,3509,4448,4118,4526,4703,0,0,220.39,116.97,13.31,0.06,BWT_TEXT,yes,18.46,0.988,bzip2
YAML config,64KB,65536,3975,5353,5625,3926,5284,4957,5370,5967,0,0,182.80,86.15,13.91,0.09,BWT_TEXT,yes,16.49,0.988,bzip2
TypeScript/JSX,64KB,65536,4523,6410,6827,4464,6316,5916,6392,7082,0,0,191.96,75.22,14.02,0.10,BWT_TEXT,yes,14.49,0.987,bzip2
Access log,4KB,4096,682,724,760,738,796,673,873,874,0,0,7.83,1.90,12.83,0.01,TEMPLATE,yes,6.01,0.987,brotli
Bash script,64KB,65536,3798,5288,5456,3739,5528,4941,5604,5793,0,0,174.25,73.19,16.71,0.07,BWT_TEXT,yes,17.26,0.984,bzip2
package.json,64KB,65536,5018,6734,6944,4940,6420,6305,6505,7528,0,0,145.60,46.06,13.90,0.08,BWT_TEXT,yes,13.06,0.984,bzip2
CSS,64KB,65536,4230,5961,5989,4156,6004,5542,6079,6554,0,0,172.30,66.76,13.42,0.07,BWT_TEXT,yes,15.49,0.983,bzip2
K8s manifests,64KB,65536,3434,3763,4107,3371,3848,3370,3933,4082,0,0,231.64,110.02,18.20,0.06,BWT_TEXT,yes,19.08,0.981,brotli
Email headers,16KB,16384,2707,2998,3043,2650,2976,2798,3051,3243,0,0,74.61,10.39,12.54,0.05,BWT_TEXT,yes,6.05,0.979,bzip2
Markdown docs,16KB,16384,1724,2178,2231,1687,2256,2056,2331,2399,0,0,83.41,14.80,16.44,0.05,BWT_TEXT,yes,9.50,0.979,bzip2
Rust,64KB,65536,3658,4785,5035,3579,4852,4394,4930,5147,0,0,191.60,93.52,15.65,0.06,BWT_TEXT,yes,17.92,0.978,bzip2
JSON structured log,256KB,262144,32451,32451,35257,31698,32880,31906,32965,39993,0,0,518.42,171.51,0.27,0.24,RAW,yes,8.08,0.977,bzip2
HTML,16KB,16377,2294,2785,2867,2240,2824,2508,2900,3032,0,0,82.23,9.92,13.83,0.04,BWT_TEXT,yes,7.14,0.976,bzip2
JSON structured log,64KB,65536,8446,8446,9194,8468,8680,8221,8763,10416,0,0,162.85,44.49,0.09,0.07,RAW,yes,7.76,0.973,brotli
JSON structured log,1MB,1048576,128402,128402,139559,124966,129456,126273,129539,157871,0,0,2131.87,732.97,1.18,0.89,RAW,yes,8.17,0.973,bzip2
Unicode text,64KB,65536,2554,3830,3981,2484,3992,3798,4076,4155,0,0,165.03,80.03,14.44,0.07,BWT_TEXT,yes,25.66,0.973,bzip2
TypeScript/JSX,16KB,16384,1992,2241,2319,1936,2256,1982,2332,2413,0,0,80.85,14.11,12.41,0.03,BWT_TEXT,yes,8.22,0.972,bzip2
package.json,16KB,16384,1910,2166,2199,1854,2128,1965,2206,2397,0,0,74.43,8.66,16.66,0.03,BWT_TEXT,yes,8.58,0.971,bzip2
TOML config,16KB,16384,2556,3131,3094,2479,3108,2933,3185,3467,0,0,71.99,8.39,14.60,0.04,BWT_TEXT,yes,6.41,0.970,bzip2
C,16KB,16384,2176,2431,2530,2108,2444,2188,2520,2629,0,0,80.34,12.63,13.00,0.04,BWT_TEXT,yes,7.53,0.969,bzip2
Cargo.toml,16KB,16384,1670,1796,1810,1616,1776,1648,1852,1926,0,0,74.38,13.45,12.29,0.03,BWT_TEXT,yes,9.81,0.968,bzip2
Terraform HCL,1MB,1048576,43169,46609,57256,43719,44116,41765,44202,54697,0,0,3206.30,2309.46,46.21,0.58,BWT_TEXT,yes,24.29,0.967,brotli
.env file,16KB,16384,5809,5809,5886,5765,5932,5609,6008,6172,0,0,77.87,7.97,0.05,0.05,BWT_TEXT,yes,2.82,0.966,brotli
CSS,16KB,16384,1888,2071,2088,1816,2092,1847,2168,2235,0,0,75.06,12.68,12.43,0.03,BWT_TEXT,yes,8.68,0.962,bzip2
Terraform HCL,256KB,262144,11365,11884,14975,11320,11512,10928,11597,14238,0,0,798.72,477.04,20.65,0.17,BWT_TEXT,yes,23.07,0.962,brotli
SQL dump,16KB,16234,2062,2342,2369,1975,2348,2150,2423,2499,0,0,81.34,19.23,16.32,0.05,BWT_TEXT,yes,7.87,0.958,bzip2
Bash script,16KB,16384,1751,1859,1897,1670,1936,1681,2014,2033,0,0,73.68,14.22,12.19,0.03,BWT_TEXT,yes,9.36,0.954,bzip2
GraphQL queries,16KB,16384,1423,1610,1678,1357,1704,1522,1779,1824,0,0,82.26,20.03,15.24,0.03,BWT_TEXT,yes,11.51,0.954,bzip2
.env file,4KB,4096,1746,1746,1757,1849,1836,1654,1911,1858,0,0,54.28,1.18,0.04,0.01,BWT_TEXT,yes,2.35,0.947,brotli
YAML config,16KB,16384,1688,1806,1863,1628,1808,1597,1883,1959,0,0,75.52,15.93,12.23,0.03,BWT_TEXT,yes,9.71,0.946,brotli
Python,16KB,16384,2579,2701,2778,2505,2760,2423,2835,2894,0,0,74.92,20.31,12.65,0.05,BWT_TEXT,yes,6.35,0.940,brotli
JSON structured log,16KB,16384,2477,2477,2642,2627,2600,2308,2676,2940,0,0,70.90,9.60,0.04,0.03,RAW,yes,6.61,0.932,brotli
Rust,16KB,16384,1766,1814,1840,1702,1852,1641,1927,1929,0,0,85.04,19.54,14.25,0.03,BWT_TEXT,yes,9.28,0.929,brotli
Unicode text,16KB,16384,1188,1340,1399,1101,1380,1284,1456,1512,0,0,69.56,13.41,12.62,0.02,BWT_TEXT,yes,13.79,0.927,bzip2
Docker Compose,64KB,65536,2268,2313,2694,2217,2504,2100,2587,2569,0,0,229.99,138.84,13.15,0.07,BWT_TEXT,yes,28.90,0.926,brotli
Metrics/TSeries,1MB,1048576,130480,130480,139986,120314,129796,128613,129881,160135,0,0,1890.16,632.31,1.26,0.97,TEMPLATE,yes,8.04,0.922,bzip2
Nginx access log,16KB,16384,2682,2682,2687,2524,2636,2435,2714,3020,0,0,74.44,11.51,0.05,0.03,COLUMNAR,yes,6.11,0.908,brotli
C,4KB,4096,957,957,991,943,1004,865,1079,1060,0,0,55.19,2.59,0.04,0.02,BWT_TEXT,yes,4.28,0.904,brotli
Go,4KB,4096,846,846,849,1003,888,763,963,926,0,0,57.02,5.44,0.04,0.02,BWT_TEXT,yes,4.84,0.902,brotli
Go,16KB,16384,1733,1733,1759,1758,1760,1561,1836,1851,0,0,86.25,23.81,0.05,0.03,BWT_TEXT,yes,9.45,0.901,brotli
Bash script,4KB,4096,853,853,875,941,900,765,978,959,0,0,55.49,2.34,0.03,0.01,BWT_TEXT,yes,4.80,0.897,brotli
Cargo.toml,4KB,4096,815,815,829,897,856,729,934,904,0,0,78.61,3.39,0.04,0.02,BWT_TEXT,yes,5.03,0.894,brotli
Metrics/TSeries,4KB,4096,981,981,991,925,1012,876,1089,1129,0,0,8.15,2.06,0.02,0.02,TEMPLATE,yes,4.18,0.893,brotli
Terraform HCL,64KB,65536,3478,3478,4208,3577,3492,3099,3576,4008,0,0,186.66,98.86,0.08,0.06,BWT_TEXT,yes,18.84,0.891,brotli
Java,16KB,16384,1783,1858,1987,1706,1876,1585,1952,1977,0,0,78.81,8.79,13.61,0.04,BWT_TEXT,yes,9.19,0.889,brotli
Metrics/TSeries,256KB,262144,34067,34067,35555,30165,33652,33532,33738,41274,0,0,665.21,260.70,0.38,0.28,TEMPLATE,yes,7.69,0.885,bzip2
K8s manifests,4KB,4096,847,847,859,951,908,749,984,950,0,0,61.27,3.02,0.04,0.01,BWT_TEXT,yes,4.84,0.884,brotli
Rust,4KB,4096,895,895,901,973,948,790,1023,981,0,0,56.46,3.12,0.03,0.02,BWT_TEXT,yes,4.58,0.883,brotli
K8s manifests,16KB,16384,1684,1684,1752,1767,1716,1485,1791,1838,0,0,83.41,17.36,0.04,0.03,BWT_TEXT,yes,9.73,0.882,brotli
Natural text,4KB,4096,741,900,915,653,984,884,1059,1032,0,0,67.73,2.50,17.29,0.02,BWT_TEXT,yes,5.53,0.881,bzip2
Email headers,4KB,4096,1166,1166,1188,1201,1208,1027,1284,1283,0,0,55.53,1.83,0.04,0.01,BWT_TEXT,yes,3.51,0.881,brotli
Docker Compose,16KB,16384,1016,1016,1087,1180,1072,893,1148,1113,0,0,87.71,28.63,0.04,0.02,BWT_TEXT,yes,16.13,0.879,brotli
GraphQL queries,4KB,4096,734,734,756,753,792,645,870,847,0,0,71.56,4.80,0.05,0.02,BWT_TEXT,yes,5.58,0.879,brotli
TOML config,4KB,4096,1064,1086,1078,969,1124,934,1201,1198,0,0,86.61,2.42,19.16,0.02,BWT_TEXT,yes,3.85,0.878,brotli
Unicode text,4KB,4096,626,626,647,647,652,549,730,723,0,0,64.95,2.43,0.04,0.01,BWT_TEXT,yes,6.54,0.877,brotli
Nginx access log,4KB,4096,1051,1051,1062,1121,1076,917,1151,1151,0,0,51.37,2.77,0.03,0.02,BWT_TEXT,yes,3.90,0.873,brotli
Python,4KB,4096,1145,1145,1170,1211,1224,999,1301,1268,0,0,55.95,1.92,0.04,0.01,BWT_TEXT,yes,3.58,0.872,brotli
Terraform HCL,16KB,16384,1295,1295,1470,1508,1320,1129,1397,1443,0,0,86.17,18.29,0.05,0.04,BWT_TEXT,yes,12.65,0.872,brotli
JavaScript,4KB,4096,1084,1084,1110,1164,1140,945,1215,1184,0,0,69.86,2.05,0.04,0.02,BWT_TEXT,yes,3.78,0.872,brotli
Markdown docs,4KB,4096,751,752,783,687,828,653,903,876,0,0,62.53,2.23,11.77,0.02,BWT_TEXT,yes,5.45,0.870,brotli
package.json,4KB,4096,842,842,857,859,872,731,948,947,0,0,80.38,1.99,0.04,0.02,BWT_TEXT,yes,4.86,0.868,brotli
Metrics/TSeries,16KB,16384,2804,2804,2814,2426,2808,2642,2884,3246,0,0,31.68,11.00,0.04,0.04,TEMPLATE,yes,5.84,0.865,bzip2
PHP,16KB,16384,1645,1645,1748,1619,1676,1421,1754,1786,0,0,79.57,16.00,0.05,0.02,BWT_TEXT,yes,9.96,0.864,brotli
SQL dump,4KB,3939,962,962,973,981,1000,828,1078,1050,0,0,50.57,2.05,0.03,0.01,BWT_TEXT,yes,4.09,0.861,brotli
Metrics/TSeries,64KB,65536,9343,9343,9457,8033,9284,9107,9367,11152,0,0,143.56,56.42,0.10,0.09,TEMPLATE,yes,7.01,0.860,bzip2
JSON structured log,4KB,4096,897,897,931,1005,972,768,1048,1018,0,0,59.69,2.12,0.04,0.01,RAW,yes,4.57,0.856,brotli
PHP,4KB,4096,792,792,817,882,840,678,918,885,0,0,55.51,2.71,0.03,0.01,BWT_TEXT,yes,5.17,0.856,brotli
Makefile,4KB,4096,816,816,860,873,868,697,943,900,0,0,69.29,2.91,0.05,0.02,BWT_TEXT,yes,5.02,0.854,brotli
CSS,4KB,4096,860,860,878,894,916,733,992,953,0,0,53.18,2.23,0.03,0.01,BWT_TEXT,yes,4.76,0.852,brotli
TypeScript/JSX,4KB,4096,987,987,1009,995,1032,840,1107,1085,0,0,55.80,2.23,0.04,0.02,BWT_TEXT,yes,4.15,0.851,brotli
YAML config,4KB,4096,745,745,774,814,796,633,872,833,0,0,55.71,3.37,0.03,0.01,BWT_TEXT,yes,5.50,0.850,brotli
Docker Compose,4KB,4096,608,608,629,717,648,515,725,698,0,0,58.96,5.82,0.03,0.01,BWT_TEXT,yes,6.74,0.847,brotli
Java,4KB,4096,821,821,837,863,876,690,951,906,0,0,66.47,2.15,0.04,0.02,BWT_TEXT,yes,4.99,0.840,brotli
Terraform HCL,4KB,4096,687,687,721,843,752,571,827,780,0,0,65.79,3.45,0.04,0.01,BWT_TEXT,yes,5.96,0.831,brotli
HTML,4KB,4011,1027,1027,1045,992,1092,821,1168,1134,0,0,58.21,1.68,0.04,0.01,BWT_TEXT,yes,3.91,0.799,brotli
Image gradient,4KB,4096,36,36,62,63,96,26,172,114,0,0,63.36,0.04,15.71,0.00,NUMERIC,yes,113.78,0.722,brotli
