id,name,email,age,salary
1,User1,user1@example.com,62,46067
2,User2,user2@example.com,46,96414
3,User3,user3@example.com,46,47335
4,User4,user4@example.com,40,81924
5,User5,user5@example.com,20,87113
6,User6,user6@example.com,48,39014
7,User7,user7@example.com,30,98954
8,User8,user8@example.com,51,47572
9,User9,user9@example.com,35,88295
10,User10,user10@example.com,37,54706
11,User11,user11@example.com,69,45876
12,User12,user12@example.com,43,61111
13,User13,user13@example.com,69,63213
14,User14,user14@example.com,61,84769
15,User15,user15@example.com,57,86219
16,User16,user16@example.com,42,72880
17,User17,user17@example.com,45,30329
18,User18,user18@example.com,53,69564
19,User19,user19@example.com,59,32376
20,User20,user20@example.com,52,60010
21,User21,user21@example.com,56,39822
22,User22,user22@example.com,47,47519
23,User23,user23@example.com,27,58123
24,User24,user24@example.com,63,35294
25,User25,user25@example.com,63,51677
26,User26,user26@example.com,40,37709
27,User27,user27@example.com,40,71739
28,User28,user28@example.com,56,84499
29,User29,user29@example.com,35,31384
30,User30,user30@example.com,48,35908
31,User31,user31@example.com,36,58630
32,User32,user32@example.com,60,39560
33,User33,user33@example.com,40,92561
34,User34,user34@example.com,43,55720
35,User35,user35@example.com,31,64461
36,User36,user36@example.com,47,91289
37,User37,user37@example.com,54,74553
38,User38,user38@example.com,68,91409
39,User39,user39@example.com,53,66507
40,User40,user40@example.com,28,84491
41,User41,user41@example.com,34,55691
42,User42,user42@example.com,56,34903
43,User43,user43@example.com,52,35490
44,User44,user44@example.com,59,42528
45,User45,user45@example.com,25,58033
46,User46,user46@example.com,47,62547
47,User47,user47@example.com,35,40589
48,User48,user48@example.com,61,72645
49,User49,user49@example.com,31,44339
50,User50,user50@example.com,31,49564
51,User51,user51@example.com,40,85553
52,User52,user52@example.com,57,59275
53,User53,user53@example.com,37,37321
54,User54,user54@example.com,25,79507
55,User55,user55@example.com,65,99438
56,User56,user56@example.com,65,61934
57,User57,user57@example.com,61,68221
58,User58,user58@example.com,60,76139
59,User59,user59@example.com,40,52429
60,User60,user60@example.com,31,85268
61,User61,user61@example.com,59,35436
62,User62,user62@example.com,37,80046
63,User63,user63@example.com,20,37079
64,User64,user64@example.com,35,89992
65,User65,user65@example.com,59,72251
66,User66,user66@example.com,67,57468
67,User67,user67@example.com,56,55020
68,User68,user68@example.com,26,46108
69,User69,user69@example.com,46,57848
70,User70,user70@example.com,30,65496
71,User71,user71@example.com,59,73200
72,User72,user72@example.com,25,62119
73,User73,user73@example.com,55,92382
74,User74,user74@example.com,40,51618
75,User75,user75@example.com,38,70407
76,User76,user76@example.com,42,68082
77,User77,user77@example.com,66,78298
78,User78,user78@example.com,52,81977
79,User79,user79@example.com,36,94553
80,User80,user80@example.com,20,91883
81,User81,user81@example.com,36,67880
82,User82,user82@example.com,33,85947
83,User83,user83@example.com,63,33328
84,User84,user84@example.com,59,42278
85,User85,user85@example.com,22,91325
86,User86,user86@example.com,55,84724
87,User87,user87@example.com,28,34651
88,User88,user88@example.com,57,31109
89,User89,user89@example.com,42,32146
90,User90,user90@example.com,68,38402
91,User91,user91@example.com,68,31662
92,User92,user92@example.com,41,67090
93,User93,user93@example.com,50,94676
94,User94,user94@example.com,45,47510
95,User95,user95@example.com,66,65069
96,User96,user96@example.com,62,90954
97,User97,user97@example.com,62,93870
98,User98,user98@example.com,22,92473
99,User99,user99@example.com,33,45931
100,User100,user100@example.com,26,87394
101,User101,user101@example.com,46,35359
102,User102,user102@example.com,64,39568
103,User103,user103@example.com,29,80172
104,User104,user104@example.com,65,68819
105,User105,user105@example.com,69,94036
106,User106,user106@example.com,44,32870
107,User107,user107@example.com,48,89822
108,User108,user108@example.com,54,41340
109,User109,user109@example.com,31,55260
110,User110,user110@example.com,27,57590
111,User111,user111@example.com,38,78578
112,User112,user112@example.com,69,70571
113,User113,user113@example.com,63,50201
114,User114,user114@example.com,24,37021
115,User115,user115@example.com,60,84388
116,User116,user116@example.com,45,61051
117,User117,user117@example.com,27,84539
118,User118,user118@example.com,69,76595
119,User119,user119@example.com,29,39837
120,User120,user120@example.com,60,81263
121,User121,user121@example.com,51,93766
122,User122,user122@example.com,63,47576
123,User123,user123@example.com,22,98525
124,User124,user124@example.com,28,39104
125,User125,user125@example.com,42,37898
126,User126,user126@example.com,33,95000
127,User127,user127@example.com,45,61692
128,User128,user128@example.com,24,55538
129,User129,user129@example.com,44,81493
130,User130,user130@example.com,21,96602
131,User131,user131@example.com,20,68893
132,User132,user132@example.com,34,70112
133,User133,user133@example.com,62,47161
134,User134,user134@example.com,43,81127
135,User135,user135@example.com,20,84538
136,User136,user136@example.com,57,75183
137,User137,user137@example.com,37,49847
138,User138,user138@example.com,52,33155
139,User139,user139@example.com,34,70077
140,User140,user140@example.com,42,58393
141,User141,user141@example.com,37,64619
142,User142,user142@example.com,53,94070
143,User143,user143@example.com,69,68882
144,User144,user144@example.com,32,38516
145,User145,user145@example.com,62,32775
146,User146,user146@example.com,60,85738
147,User147,user147@example.com,34,89281
148,User148,user148@example.com,23,90555
149,User149,user149@example.com,43,91830
150,User150,user150@example.com,64,59727
151,User151,user151@example.com,26,78272
152,User152,user152@example.com,52,87677
153,User153,user153@example.com,41,56676
154,User154,user154@example.com,65,64041
155,User155,user155@example.com,49,77733
156,User156,user156@example.com,57,93046
157,User157,user157@example.com,65,92390
158,User158,user158@example.com,58,83815
159,User159,user159@example.com,68,39008
160,User160,user160@example.com,26,98981
161,User161,user161@example.com,55,35828
162,User162,user162@example.com,21,70209
163,User163,user163@example.com,51,67941
164,User164,user164@example.com,50,68222
165,User165,user165@example.com,69,86191
166,User166,user166@example.com,66,66920
167,User167,user167@example.com,69,57146
168,User168,user168@example.com,55,83263
169,User169,user169@example.com,20,32978
170,User170,user170@example.com,45,82843
171,User171,user171@example.com,64,48099
172,User172,user172@example.com,48,83993
173,User173,user173@example.com,34,50542
174,User174,user174@example.com,24,99011
175,User175,user175@example.com,33,35142
176,User176,user176@example.com,69,56648
177,User177,user177@example.com,46,78823
178,User178,user178@example.com,49,65094
179,User179,user179@example.com,27,37511
180,User180,user180@example.com,56,36954
181,User181,user181@example.com,47,59208
182,User182,user182@example.com,50,95761
183,User183,user183@example.com,24,61342
184,User184,user184@example.com,57,31241
185,User185,user185@example.com,20,34854
186,User186,user186@example.com,35,75679
187,User187,user187@example.com,37,70911
188,User188,user188@example.com,56,34259
189,User189,user189@example.com,51,72784
190,User190,user190@example.com,69,87056
191,User191,user191@example.com,47,94541
192,User192,user192@example.com,51,32100
193,User193,user193@example.com,54,74239
194,User194,user194@example.com,44,60870
195,User195,user195@example.com,34,73336
196,User196,user196@example.com,52,73970
197,User197,user197@example.com,57,51903
198,User198,user198@example.com,22,44819
199,User199,user199@example.com,61,49173
200,User200,user200@example.com,29,73520
201,User201,user201@example.com,39,39875
202,User202,user202@example.com,48,61712
203,User203,user203@example.com,43,92387
204,User204,user204@example.com,57,92663
205,User205,user205@example.com,49,30077
206,User206,user206@example.com,46,32319
207,User207,user207@example.com,27,62392
208,User208,user208@example.com,40,84360
209,User209,user209@example.com,26,61313
210,User210,user210@example.com,63,37789
211,User211,user211@example.com,51,75169
212,User212,user212@example.com,23,87010
213,User213,user213@example.com,41,72300
214,User214,user214@example.com,22,43187
215,User215,user215@example.com,34,33091
216,User216,user216@example.com,26,77357
217,User217,user217@example.com,46,97679
218,User218,user218@example.com,49,51447
219,User219,user219@example.com,33,88039
220,User220,user220@example.com,28,63378
221,User221,user221@example.com,42,71039
222,User222,user222@example.com,68,62559
223,User223,user223@example.com,29,39834
224,User224,user224@example.com,66,47797
225,User225,user225@example.com,30,65333
226,User226,user226@example.com,53,65997
227,User227,user227@example.com,55,72805
228,User228,user228@example.com,38,91618
229,User229,user229@example.com,43,44647
230,User230,user230@example.com,40,99594
231,User231,user231@example.com,65,75316
232,User232,user232@example.com,55,57824
233,User233,user233@example.com,43,96958
234,User234,user234@example.com,61,61424
235,User235,user235@example.com,64,58203
236,User236,user236@example.com,40,89247
237,User237,user237@example.com,34,49331
238,User238,user238@example.com,28,94367
239,User239,user239@example.com,36,56799
240,User240,user240@example.com,30,51899
241,User241,user241@example.com,45,46317
242,User242,user242@example.com,30,92509
243,User243,user243@example.com,48,47925
244,User244,user244@example.com,60,67707
245,User245,user245@example.com,60,52388
246,User246,user246@example.com,49,81756
247,User247,user247@example.com,32,87437
248,User248,user248@example.com,56,97438
249,User249,user249@example.com,28,92091
250,User250,user250@example.com,32,99715
251,User251,user251@example.com,52,68716
252,User252,user252@example.com,34,76639
253,User253,user253@example.com,52,80720
254,User254,user254@example.com,33,41186
255,User255,user255@example.com,43,87905
256,User256,user256@example.com,44,96921
257,User257,user257@example.com,62,37829
258,User258,user258@example.com,29,81874
259,User259,user259@example.com,57,64989
260,User260,user260@example.com,49,69057
261,User261,user261@example.com,55,39438
262,User262,user262@example.com,37,56214
263,User263,user263@example.com,27,74574
264,User264,user264@example.com,42,33401
265,User265,user265@example.com,61,74985
266,User266,user266@example.com,46,68999
267,User267,user267@example.com,28,74136
268,User268,user268@example.com,24,59557
269,User269,user269@example.com,55,43718
270,User270,user270@example.com,58,91353
271,User271,user271@example.com,22,55049
272,User272,user272@example.com,50,30433
273,User273,user273@example.com,26,61383
274,User274,user274@example.com,36,54347
275,User275,user275@example.com,25,38806
276,User276,user276@example.com,58,65955
277,User277,user277@example.com,62,30275
278,User278,user278@example.com,44,78903
279,User279,user279@example.com,69,53549
280,User280,user280@example.com,23,99165
281,User281,user281@example.com,39,91666
282,User282,user282@example.com,36,63134
283,User283,user283@example.com,27,45793
284,User284,user284@example.com,65,52031
285,User285,user285@example.com,64,50302
286,User286,user286@example.com,21,54978
287,User287,user287@example.com,50,88681
288,User288,user288@example.com,28,64525
289,User289,user289@example.com,28,41957
290,User290,user290@example.com,49,69721
291,User291,user291@example.com,59,71424
292,User292,user292@example.com,37,83897
293,User293,user293@example.com,21,55470
294,User294,user294@example.com,49,71466
295,User295,user295@example.com,33,46388
296,User296,user296@example.com,66,50279
297,User297,user297@example.com,60,97963
298,User298,user298@example.com,55,75035
299,User299,user299@example.com,32,48918
300,User300,user300@example.com,67,81573
301,User301,user301@example.com,28,65903
302,User302,user302@example.com,41,51581
303,User303,user303@example.com,28,82050
304,User304,user304@example.com,68,91991
305,User305,user305@example.com,67,87231
306,User306,user306@example.com,68,69137
307,User307,user307@example.com,35,42601
308,User308,user308@example.com,37,83634
309,User309,user309@example.com,24,52743
310,User310,user310@example.com,48,57394
311,User311,user311@example.com,69,98841
312,User312,user312@example.com,26,97785
313,User313,user313@example.com,32,37097
314,User314,user314@example.com,46,36749
315,User315,user315@example.com,56,96670
316,User316,user316@example.com,60,34555
317,User317,user317@example.com,60,69584
318,User318,user318@example.com,53,63049
319,User319,user319@example.com,38,48366
320,User320,user320@example.com,27,68879
321,User321,user321@example.com,59,82709
322,User322,user322@example.com,47,33480
323,User323,user323@example.com,39,86556
324,User324,user324@example.com,52,41296
325,User325,user325@example.com,21,83532
326,User326,user326@example.com,30,41679
327,User327,user327@example.com,62,60836
328,User328,user328@example.com,67,85004
329,User329,user329@example.com,36,79202
330,User330,user330@example.com,61,41321
331,User331,user331@example.com,43,31298
332,User332,user332@example.com,30,93253
333,User333,user333@example.com,46,72012
334,User334,user334@example.com,25,64011
335,User335,user335@example.com,64,41198
336,User336,user336@example.com,50,49981
337,User337,user337@example.com,33,65693
338,User338,user338@example.com,27,77764
339,User339,user339@example.com,69,96383
340,User340,user340@example.com,41,65241
341,User341,user341@example.com,65,64852
342,User342,user342@example.com,36,35731
343,User343,user343@example.com,22,88845
344,User344,user344@example.com,23,96708
345,User345,user345@example.com,42,81513
346,User346,user346@example.com,29,59877
347,User347,user347@example.com,56,83267
348,User348,user348@example.com,53,69587
349,User349,user349@example.com,28,32489
350,User350,user350@example.com,35,68418
351,User351,user351@example.com,55,39919
352,User352,user352@example.com,60,58503
353,User353,user353@example.com,58,82028
354,User354,user354@example.com,39,70623
355,User355,user355@example.com,25,33567
356,User356,user356@example.com,52,39729
357,User357,user357@example.com,20,61067
358,User358,user358@example.com,45,72639
359,User359,user359@example.com,58,71027
360,User360,user360@example.com,45,85883
361,User361,user361@example.com,57,92674
362,User362,user362@example.com,53,54800
363,User363,user363@example.com,22,85420
364,User364,user364@example.com,28,79690
365,User365,user365@example.com,68,70411
366,User366,user366@example.com,48,76432
367,User367,user367@example.com,36,95767
368,User368,user368@example.com,21,62570
369,User369,user369@example.com,43,54108
370,User370,user370@example.com,44,63259
371,User371,user371@example.com,58,55437
372,User372,user372@example.com,65,75404
373,User373,user373@example.com,46,30209
374,User374,user374@example.com,66,89366
375,User375,user375@example.com,32,97289
376,User376,user376@example.com,65,75884
377,User377,user377@example.com,53,68425
378,User378,user378@example.com,37,71389
379,User379,user379@example.com,59,54482
380,User380,user380@example.com,52,44646
381,User381,user381@example.com,21,61433
382,User382,user382@example.com,68,84321
383,User383,user383@example.com,60,73162
384,User384,user384@example.com,48,53991
385,User385,user385@example.com,53,84536
386,User386,user386@example.com,28,66844
387,User387,user387@example.com,42,81315
388,User388,user388@example.com,53,83828
389,User389,user389@example.com,20,66023
390,User390,user390@example.com,51,87186
391,User391,user391@example.com,54,63170
392,User392,user392@example.com,59,73203
393,User393,user393@example.com,41,42464
394,User394,user394@example.com,32,47567
395,User395,user395@example.com,25,57462
396,User396,user396@example.com,55,49071
397,User397,user397@example.com,62,65707
398,User398,user398@example.com,32,31094
399,User399,user399@example.com,38,53926
400,User400,user400@example.com,54,56482
401,User401,user401@example.com,60,43213
402,User402,user402@example.com,36,69024
403,User403,user403@example.com,49,54067
404,User404,user404@example.com,61,76952
405,User405,user405@example.com,51,93324
406,User406,user406@example.com,22,81826
407,User407,user407@example.com,66,77603
408,User408,user408@example.com,59,94380
409,User409,user409@example.com,30,92114
410,User410,user410@example.com,61,86184
411,User411,user411@example.com,26,38507
412,User412,user412@example.com,39,54606
413,User413,user413@example.com,43,91699
414,User414,user414@example.com,48,59081
415,User415,user415@example.com,44,33823
416,User416,user416@example.com,38,76308
417,User417,user417@example.com,28,84075
418,User418,user418@example.com,50,56499
419,User419,user419@example.com,64,49348
420,User420,user420@example.com,41,54612
421,User421,user421@example.com,22,80975
422,User422,user422@example.com,40,86758
423,User423,user423@example.com,32,80068
424,User424,user424@example.com,37,74217
425,User425,user425@example.com,36,32109
426,User426,user426@example.com,26,34793
427,User427,user427@example.com,64,33586
428,User428,user428@example.com,58,70396
429,User429,user429@example.com,60,63146
430,User430,user430@example.com,63,48430
431,User431,user431@example.com,57,46376
432,User432,user432@example.com,61,52473
433,User433,user433@example.com,67,42752
434,User434,user434@example.com,58,57461
435,User435,user435@example.com,44,68941
436,User436,user436@example.com,20,68439
437,User437,user437@example.com,49,45640
438,User438,user438@example.com,35,88058
439,User439,user439@example.com,59,42913
440,User440,user440@example.com,60,99132
441,User441,user441@example.com,24,36917
442,User442,user442@example.com,42,97751
443,User443,user443@example.com,35,51724
444,User444,user444@example.com,42,97269
445,User445,user445@example.com,41,45152
446,User446,user446@example.com,32,34758
447,User447,user447@example.com,48,52764
448,User448,user448@example.com,29,45907
449,User449,user449@example.com,67,75099
450,User450,user450@example.com,32,63954
451,User451,user451@example.com,24,34331
452,User452,user452@example.com,59,74278
453,User453,user453@example.com,44,92089
454,User454,user454@example.com,27,43826
455,User455,user455@example.com,62,66477
456,User456,user456@example.com,26,36652
457,User457,user457@example.com,52,89713
458,User458,user458@example.com,59,77981
459,User459,user459@example.com,49,78515
460,User460,user460@example.com,37,66807
461,User461,user461@example.com,58,77662
462,User462,user462@example.com,20,54710
463,User463,user463@example.com,56,52050
464,User464,user464@example.com,42,72523
465,User465,user465@example.com,65,54248
466,User466,user466@example.com,64,99851
467,User467,user467@example.com,50,95512
468,User468,user468@example.com,25,32384
469,User469,user469@example.com,25,38116
470,User470,user470@example.com,55,83017
471,User471,user471@example.com,21,81372
472,User472,user472@example.com,25,73468
473,User473,user473@example.com,48,97470
474,User474,user474@example.com,68,94943
475,User475,user475@example.com,67,32852
476,User476,user476@example.com,26,91963
477,User477,user477@example.com,48,74483
478,User478,user478@example.com,38,38018
479,User479,user479@example.com,27,58920
480,User480,user480@example.com,65,59838
481,User481,user481@example.com,38,78016
482,User482,user482@example.com,39,41870
483,User483,user483@example.com,26,93168
484,User484,user484@example.com,48,30325
485,User485,user485@example.com,39,54274
486,User486,user486@example.com,45,33446
487,User487,user487@example.com,32,97466
488,User488,user488@example.com,61,85465
489,User489,user489@example.com,41,53535
490,User490,user490@example.com,51,68213
491,User491,user491@example.com,29,43815
492,User492,user492@example.com,63,99012
493,User493,user493@example.com,31,99657
494,User494,user494@example.com,55,62547
495,User495,user495@example.com,67,90007
496,User496,user496@example.com,51,92939
497,User497,user497@example.com,41,34715
498,User498,user498@example.com,59,70372
499,User499,user499@example.com,52,76131
500,User500,user500@example.com,31,54618
501,User501,user501@example.com,69,85966
502,User502,user502@example.com,38,55112
503,User503,user503@example.com,46,49412
504,User504,user504@example.com,65,78460
505,User505,user505@example.com,31,34223
506,User506,user506@example.com,30,85740
507,User507,user507@example.com,47,58114
508,User508,user508@example.com,26,93413
509,User509,user509@example.com,39,71122
510,User510,user510@example.com,37,44436
511,User511,user511@example.com,60,73240
512,User512,user512@example.com,31,41737
513,User513,user513@example.com,47,32413
514,User514,user514@example.com,51,71898
515,User515,user515@example.com,36,77764
516,User516,user516@example.com,22,47287
517,User517,user517@example.com,44,36373
518,User518,user518@example.com,52,93777
519,User519,user519@example.com,57,91374
520,User520,user520@example.com,52,61546
521,User521,user521@example.com,58,74297
522,User522,user522@example.com,60,66824
523,User523,user523@example.com,33,83210
524,User524,user524@example.com,62,96288
525,User525,user525@example.com,50,91216
526,User526,user526@example.com,63,48712
527,User527,user527@example.com,64,80494
528,User528,user528@example.com,52,90660
529,User529,user529@example.com,47,84694
530,User530,user530@example.com,29,50715
531,User531,user531@example.com,68,79748
532,User532,user532@example.com,38,32116
533,User533,user533@example.com,67,87026
534,User534,user534@example.com,32,88102
535,User535,user535@example.com,50,55268
536,User536,user536@example.com,62,98985
537,User537,user537@example.com,23,75762
538,User538,user538@example.com,36,41476
539,User539,user539@example.com,53,92984
540,User540,user540@example.com,39,77024
541,User541,user541@example.com,40,74076
542,User542,user542@example.com,56,85971
543,User543,user543@example.com,43,79024
544,User544,user544@example.com,34,96503
545,User545,user545@example.com,27,58785
546,User546,user546@example.com,49,89550
547,User547,user547@example.com,21,42726
548,User548,user548@example.com,41,83193
549,User549,user549@example.com,65,79365
550,User550,user550@example.com,49,43346
551,User551,user551@example.com,62,43169
552,User552,user552@example.com,29,80016
553,User553,user553@example.com,33,75659
554,User554,user554@example.com,64,60429
555,User555,user555@example.com,27,51738
556,User556,user556@example.com,40,81296
557,User557,user557@example.com,43,31758
558,User558,user558@example.com,24,77414
559,User559,user559@example.com,26,74516
560,User560,user560@example.com,56,36109
561,User561,user561@example.com,23,90522
562,User562,user562@example.com,68,54262
563,User563,user563@example.com,33,47487
564,User564,user564@example.com,29,95329
565,User565,user565@example.com,55,47425
566,User566,user566@example.com,23,56545
567,User567,user567@example.com,27,74894
568,User568,user568@example.com,26,70994
569,User569,user569@example.com,50,51489
570,User570,user570@example.com,63,63992
571,User571,user571@example.com,57,55600
572,User572,user572@example.com,25,64366
573,User573,user573@example.com,69,86109
574,User574,user574@example.com,58,64633
575,User575,user575@example.com,42,99008
576,User576,user576@example.com,24,90252
577,User577,user577@example.com,49,99497
578,User578,user578@example.com,63,95088
579,User579,user579@example.com,39,46560
580,User580,user580@example.com,47,31363
581,User581,user581@example.com,49,92612
582,User582,user582@example.com,61,70101
583,User583,user583@example.com,32,39217
584,User584,user584@example.com,40,69917
585,User585,user585@example.com,66,57514
586,User586,user586@example.com,53,42826
587,User587,user587@example.com,34,78814
588,User588,user588@example.com,20,56758
589,User589,user589@example.com,64,51311
590,User590,user590@example.com,38,37514
591,User591,user591@example.com,35,69407
592,User592,user592@example.com,41,53043
593,User593,user593@example.com,69,31011
594,User594,user594@example.com,57,41448
595,User595,user595@example.com,36,45535
596,User596,user596@example.com,50,42010
597,User597,user597@example.com,22,87151
598,User598,user598@example.com,29,82860
599,User599,user599@example.com,35,74434
600,User600,user600@example.com,32,53924
601,User601,user601@example.com,34,38609
602,User602,user602@example.com,31,83161
603,User603,user603@example.com,38,60085
604,User604,user604@example.com,54,54309
605,User605,user605@example.com,24,61460
606,User606,user606@example.com,56,61787
607,User607,user607@example.com,39,43901
608,User608,user608@example.com,57,70160
609,User609,user609@example.com,37,86617
610,User610,user610@example.com,32,47482
611,User611,user611@example.com,30,75049
612,User612,user612@example.com,48,63726
613,User613,user613@example.com,60,42885
614,User614,user614@example.com,36,70135
615,User615,user615@example.com,65,73994
616,User616,user616@example.com,32,30895
617,User617,user617@example.com,38,45552
618,User618,user618@example.com,61,34835
619,User619,user619@example.com,48,77767
620,User620,user620@example.com,66,99826
621,User621,user621@example.com,60,61555
622,User622,user622@example.com,64,59278
623,User623,user623@example.com,36,39143
624,User624,user624@example.com,59,52781
625,User625,user625@example.com,45,53643
626,User626,user626@example.com,42,79037
627,User627,user627@example.com,49,62897
628,User628,user628@example.com,64,34137
629,User629,user629@example.com,35,84586
630,User630,user630@example.com,59,72850
631,User631,user631@example.com,46,43346
632,User632,user632@example.com,48,35078
633,User633,user633@example.com,39,97194
634,User634,user634@example.com,50,76923
635,User635,user635@example.com,38,59985
636,User636,user636@example.com,67,48357
637,User637,user637@example.com,50,75682
638,User638,user638@example.com,64,59663
639,User639,user639@example.com,42,81254
640,User640,user640@example.com,60,53323
641,User641,user641@example.com,49,31622
642,User642,user642@example.com,50,41904
643,User643,user643@example.com,48,49685
644,User644,user644@example.com,45,58765
645,User645,user645@example.com,63,56856
646,User646,user646@example.com,22,89660
647,User647,user647@example.com,49,45400
648,User648,user648@example.com,63,31353
649,User649,user649@example.com,62,72872
650,User650,user650@example.com,60,69457
651,User651,user651@example.com,60,67667
652,User652,user652@example.com,42,98437
653,User653,user653@example.com,63,44782
654,User654,user654@example.com,21,90503
655,User655,user655@example.com,52,50987
656,User656,user656@example.com,54,46041
657,User657,user657@example.com,52,73108
658,User658,user658@example.com,35,56147
659,User659,user659@example.com,53,69823
660,User660,user660@example.com,65,78826
661,User661,user661@example.com,69,87562
662,User662,user662@example.com,52,35909
663,User663,user663@example.com,32,45864
664,User664,user664@example.com,32,49860
665,User665,user665@example.com,25,77012
666,User666,user666@example.com,67,35589
667,User667,user667@example.com,26,57151
668,User668,user668@example.com,39,53437
669,User669,user669@example.com,44,64493
670,User670,user670@example.com,49,43357
671,User671,user671@example.com,20,79911
672,User672,user672@example.com,36,71240
673,User673,user673@example.com,54,42674
674,User674,user674@example.com,52,50878
675,User675,user675@example.com,55,46660
676,User676,user676@example.com,23,49927
677,User677,user677@example.com,42,31749
678,User678,user678@example.com,39,54355
679,User679,user679@example.com,23,54138
680,User680,user680@example.com,23,43342
681,User681,user681@example.com,67,91589
682,User682,user682@example.com,28,79981
683,User683,user683@example.com,69,65077
684,User684,user684@example.com,24,53181
685,User685,user685@example.com,50,40465
686,User686,user686@example.com,34,35258
687,User687,user687@example.com,69,85113
688,User688,user688@example.com,62,74652
689,User689,user689@example.com,57,91412
690,User690,user690@example.com,27,92873
691,User691,user691@example.com,53,77635
692,User692,user692@example.com,22,35731
693,User693,user693@example.com,22,77587
694,User694,user694@example.com,42,45579
695,User695,user695@example.com,68,50112
696,User696,user696@example.com,33,57853
697,User697,user697@example.com,35,88453
698,User698,user698@example.com,60,89965
699,User699,user699@example.com,64,51134
700,User700,user700@example.com,65,67724
701,User701,user701@example.com,56,78482
702,User702,user702@example.com,54,82837
703,User703,user703@example.com,39,56103
704,User704,user704@example.com,53,62452
705,User705,user705@example.com,50,31929
706,User706,user706@example.com,47,65729
707,User707,user707@example.com,32,32391
708,User708,user708@example.com,27,50675
709,User709,user709@example.com,50,87870
710,User710,user710@example.com,28,53208
711,User711,user711@example.com,28,35768
712,User712,user712@example.com,26,93358
713,User713,user713@example.com,31,57749
714,User714,user714@example.com,24,97202
715,User715,user715@example.com,41,79790
716,User716,user716@example.com,34,86596
717,User717,user717@example.com,67,66187
718,User718,user718@example.com,39,52721
719,User719,user719@example.com,63,98484
720,User720,user720@example.com,65,39674
721,User721,user721@example.com,46,46065
722,User722,user722@example.com,61,44370
723,User723,user723@example.com,36,89952
724,User724,user724@example.com,55,83599
725,User725,user725@example.com,23,94923
726,User726,user726@example.com,41,39164
727,User727,user727@example.com,37,79018
728,User728,user728@example.com,50,51220
729,User729,user729@example.com,53,95851
730,User730,user730@example.com,45,57858
731,User731,user731@example.com,64,43300
732,User732,user732@example.com,50,48338
733,User733,user733@example.com,34,52301
734,User734,user734@example.com,59,75357
735,User735,user735@example.com,57,83976
736,User736,user736@example.com,48,67929
737,User737,user737@example.com,24,65617
738,User738,user738@example.com,49,34455
739,User739,user739@example.com,24,52295
740,User740,user740@example.com,51,72271
741,User741,user741@example.com,66,85740
742,User742,user742@example.com,21,41984
743,User743,user743@example.com,66,94046
744,User744,user744@example.com,50,74640
745,User745,user745@example.com,64,90096
746,User746,user746@example.com,30,32862
747,User747,user747@example.com,66,30465
748,User748,user748@example.com,43,66900
749,User749,user749@example.com,41,46551
750,User750,user750@example.com,48,60038
751,User751,user751@example.com,36,39237
752,User752,user752@example.com,49,62898
753,User753,user753@example.com,62,34658
754,User754,user754@example.com,67,44441
755,User755,user755@example.com,43,33155
756,User756,user756@example.com,26,83310
757,User757,user757@example.com,40,68256
758,User758,user758@example.com,59,70365
759,User759,user759@example.com,68,74154
760,User760,user760@example.com,23,37180
761,User761,user761@example.com,49,96808
762,User762,user762@example.com,34,97980
763,User763,user763@example.com,28,71018
764,User764,user764@example.com,34,90016
765,User765,user765@example.com,53,42323
766,User766,user766@example.com,27,71857
767,User767,user767@example.com,33,34308
768,User768,user768@example.com,58,93897
769,User769,user769@example.com,40,70981
770,User770,user770@example.com,23,79868
771,User771,user771@example.com,30,46222
772,User772,user772@example.com,69,31004
773,User773,user773@example.com,59,89315
774,User774,user774@example.com,47,82014
775,User775,user775@example.com,52,33783
776,User776,user776@example.com,56,49500
777,User777,user777@example.com,66,39091
778,User778,user778@example.com,67,37852
779,User779,user779@example.com,47,81802
780,User780,user780@example.com,46,61826
781,User781,user781@example.com,44,79843
782,User782,user782@example.com,35,55721
783,User783,user783@example.com,34,61546
784,User784,user784@example.com,34,73939
785,User785,user785@example.com,54,74877
786,User786,user786@example.com,69,40471
787,User787,user787@example.com,47,65029
788,User788,user788@example.com,39,64678
789,User789,user789@example.com,42,58281
790,User790,user790@example.com,27,51274
791,User791,user791@example.com,63,46281
792,User792,user792@example.com,34,79495
793,User793,user793@example.com,27,59521
794,User794,user794@example.com,30,48336
795,User795,user795@example.com,58,86775
796,User796,user796@example.com,45,46266
797,User797,user797@example.com,67,60043
798,User798,user798@example.com,35,63439
799,User799,user799@example.com,53,97652
800,User800,user800@example.com,65,71316
801,User801,user801@example.com,61,80894
802,User802,user802@example.com,55,39216
803,User803,user803@example.com,45,37678
804,User804,user804@example.com,25,85752
805,User805,user805@example.com,51,41442
806,User806,user806@example.com,52,47293
807,User807,user807@example.com,21,70712
808,User808,user808@example.com,55,77434
809,User809,user809@example.com,44,48288
810,User810,user810@example.com,29,58676
811,User811,user811@example.com,26,85177
812,User812,user812@example.com,23,32083
813,User813,user813@example.com,53,75542
814,User814,user814@example.com,54,57952
815,User815,user815@example.com,66,42933
816,User816,user816@example.com,22,46754
817,User817,user817@example.com,67,56542
818,User818,user818@example.com,42,95582
819,User819,user819@example.com,52,77924
820,User820,user820@example.com,62,78537
821,User821,user821@example.com,69,41832
822,User822,user822@example.com,58,54249
823,User823,user823@example.com,60,34306
824,User824,user824@example.com,54,73635
825,User825,user825@example.com,56,72169
826,User826,user826@example.com,40,84005
827,User827,user827@example.com,25,86790
828,User828,user828@example.com,27,69098
829,User829,user829@example.com,33,53018
830,User830,user830@example.com,34,68847
831,User831,user831@example.com,48,55386
832,User832,user832@example.com,27,49114
833,User833,user833@example.com,26,54469
834,User834,user834@example.com,63,70360
835,User835,user835@example.com,56,54291
836,User836,user836@example.com,29,79876
837,User837,user837@example.com,59,97072
838,User838,user838@example.com,56,73548
839,User839,user839@example.com,68,87818
840,User840,user840@example.com,23,60361
841,User841,user841@example.com,53,57009
842,User842,user842@example.com,36,54128
843,User843,user843@example.com,50,98032
844,User844,user844@example.com,57,32696
845,User845,user845@example.com,22,58339
846,User846,user846@example.com,65,66389
847,User847,user847@example.com,63,36942
848,User848,user848@example.com,52,31991
849,User849,user849@example.com,22,44630
850,User850,user850@example.com,38,78991
851,User851,user851@example.com,46,38317
852,User852,user852@example.com,22,54402
853,User853,user853@example.com,28,97623
854,User854,user854@example.com,30,45757
855,User855,user855@example.com,33,40413
856,User856,user856@example.com,52,61440
857,User857,user857@example.com,48,30604
858,User858,user858@example.com,63,88511
859,User859,user859@example.com,53,44034
860,User860,user860@example.com,35,72256
861,User861,user861@example.com,61,50914
862,User862,user862@example.com,38,79745
863,User863,user863@example.com,61,60581
864,User864,user864@example.com,65,97008
865,User865,user865@example.com,61,30077
866,User866,user866@example.com,21,80210
867,User867,user867@example.com,26,72083
868,User868,user868@example.com,30,57319
869,User869,user869@example.com,54,74470
870,User870,user870@example.com,20,77874
871,User871,user871@example.com,47,67561
872,User872,user872@example.com,67,54258
873,User873,user873@example.com,43,37281
874,User874,user874@example.com,69,54080
875,User875,user875@example.com,28,98518
876,User876,user876@example.com,69,75695
877,User877,user877@example.com,67,89830
878,User878,user878@example.com,66,70071
879,User879,user879@example.com,54,90520
880,User880,user880@example.com,60,83074
881,User881,user881@example.com,31,89350
882,User882,user882@example.com,40,49838
883,User883,user883@example.com,44,45911
884,User884,user884@example.com,35,68904
885,User885,user885@example.com,42,41284
886,User886,user886@example.com,28,73746
887,User887,user887@example.com,38,71019
888,User888,user888@example.com,66,78679
889,User889,user889@example.com,25,61442
890,User890,user890@example.com,27,37783
891,User891,user891@example.com,65,43119
892,User892,user892@example.com,63,74989
893,User893,user893@example.com,66,97343
894,User894,user894@example.com,63,88883
895,User895,user895@example.com,32,51941
896,User896,user896@example.com,22,91677
897,User897,user897@example.com,54,96710
898,User898,user898@example.com,59,60113
899,User899,user899@example.com,42,68425
900,User900,user900@example.com,46,76240
901,User901,user901@example.com,32,52452
902,User902,user902@example.com,32,42735
903,User903,user903@example.com,30,78642
904,User904,user904@example.com,39,84284
905,User905,user905@example.com,37,85617
906,User906,user906@example.com,47,90288
907,User907,user907@example.com,28,49220
908,User908,user908@example.com,25,72874
909,User909,user909@example.com,65,89022
910,User910,user910@example.com,35,37426
911,User911,user911@example.com,64,38630
912,User912,user912@example.com,25,43939
913,User913,user913@example.com,60,88964
914,User914,user914@example.com,57,93983
915,User915,user915@example.com,25,73288
916,User916,user916@example.com,23,48996
917,User917,user917@example.com,31,60498
918,User918,user918@example.com,43,98633
919,User919,user919@example.com,29,58443
920,User920,user920@example.com,47,48144
921,User921,user921@example.com,65,42093
922,User922,user922@example.com,67,90378
923,User923,user923@example.com,27,30710
924,User924,user924@example.com,61,64223
925,User925,user925@example.com,66,57249
926,User926,user926@example.com,66,78880
927,User927,user927@example.com,31,61160
928,User928,user928@example.com,43,90065
929,User929,user929@example.com,56,39288
930,User930,user930@example.com,44,42120
931,User931,user931@example.com,51,56549
932,User932,user932@example.com,28,54589
933,User933,user933@example.com,41,32009
934,User934,user934@example.com,57,38604
935,User935,user935@example.com,28,35265
936,User936,user936@example.com,32,92324
937,User937,user937@example.com,58,30821
938,User938,user938@example.com,43,49615
939,User939,user939@example.com,64,32105
940,User940,user940@example.com,65,43496
941,User941,user941@example.com,33,76129
942,User942,user942@example.com,20,77268
943,User943,user943@example.com,42,85429
944,User944,user944@example.com,33,46539
945,User945,user945@example.com,50,52180
946,User946,user946@example.com,49,35061
947,User947,user947@example.com,36,83306
948,User948,user948@example.com,68,61886
949,User949,user949@example.com,55,58826
950,User950,user950@example.com,55,99969
951,User951,user951@example.com,37,85468
952,User952,user952@example.com,46,30036
953,User953,user953@example.com,64,60585
954,User954,user954@example.com,58,62000
955,User955,user955@example.com,41,65332
956,User956,user956@example.com,21,69165
957,User957,user957@example.com,55,81085
958,User958,user958@example.com,31,55985
959,User959,user959@example.com,47,42373
960,User960,user960@example.com,20,57072
961,User961,user961@example.com,56,84292
962,User962,user962@example.com,33,39346
963,User963,user963@example.com,45,70268
964,User964,user964@example.com,44,56890
965,User965,user965@example.com,21,81338
966,User966,user966@example.com,57,91283
967,User967,user967@example.com,60,90058
968,User968,user968@example.com,58,58071
969,User969,user969@example.com,48,51653
970,User970,user970@example.com,67,36086
971,User971,user971@example.com,54,72183
972,User972,user972@example.com,29,46069
973,User973,user973@example.com,58,71671
974,User974,user974@example.com,58,89897
975,User975,user975@example.com,51,97086
976,User976,user976@example.com,27,74306
977,User977,user977@example.com,46,62387
978,User978,user978@example.com,40,84032
979,User979,user979@example.com,67,38730
980,User980,user980@example.com,44,41786
981,User981,user981@example.com,31,72904
982,User982,user982@example.com,33,73729
983,User983,user983@example.com,40,46872
984,User984,user984@example.com,32,53479
985,User985,user985@example.com,66,74784
986,User986,user986@example.com,20,92188
987,User987,user987@example.com,40,89047
988,User988,user988@example.com,63,67080
989,User989,user989@example.com,48,31490
990,User990,user990@example.com,36,59601
991,User991,user991@example.com,30,67595
992,User992,user992@example.com,23,87234
993,User993,user993@example.com,63,54965
994,User994,user994@example.com,29,64267
995,User995,user995@example.com,60,71924
996,User996,user996@example.com,65,46522
997,User997,user997@example.com,22,42832
998,User998,user998@example.com,68,72384
999,User999,user999@example.com,65,63624
1000,User1000,user1000@example.com,34,49328
1001,User1001,user1001@example.com,56,96043
1002,User1002,user1002@example.com,65,42207
1003,User1003,user1003@example.com,35,60610
1004,User1004,user1004@example.com,47,86718
1005,User1005,user1005@example.com,68,94128
1006,User1006,user1006@example.com,34,70100
1007,User1007,user1007@example.com,25,58783
1008,User1008,user1008@example.com,45,95287
1009,User1009,user1009@example.com,48,58033
1010,User1010,user1010@example.com,36,44683
1011,User1011,user1011@example.com,30,94858
1012,User1012,user1012@example.com,37,82280
1013,User1013,user1013@example.com,50,93625
1014,User1014,user1014@example.com,48,89119
1015,User1015,user1015@example.com,51,93583
1016,User1016,user1016@example.com,58,30608
1017,User1017,user1017@example.com,26,61097
1018,User1018,user1018@example.com,66,71973
1019,User1019,user1019@example.com,33,81382
1020,User1020,user1020@example.com,47,90526
1021,User1021,user1021@example.com,56,42758
1022,User1022,user1022@example.com,34,46514
1023,User1023,user1023@example.com,59,52487
1024,User1024,user1024@example.com,29,96826
1025,User1025,user1025@example.com,56,67196
1026,User1026,user1026@example.com,65,77870
1027,User1027,user1027@example.com,41,59027
1028,User1028,user1028@example.com,58,37234
1029,User1029,user1029@example.com,67,89418
1030,User1030,user1030@example.com,61,46790
1031,User1031,user1031@example.com,46,37501
1032,User1032,user1032@example.com,66,72775
1033,User1033,user1033@example.com,38,50219
1034,User1034,user1034@example.com,63,55068
1035,User1035,user1035@example.com,27,68978
1036,User1036,user1036@example.com,28,51402
1037,User1037,user1037@example.com,67,48713
1038,User1038,user1038@example.com,60,91798
1039,User1039,user1039@example.com,59,48502
1040,User1040,user1040@example.com,48,54839
1041,User1041,user1041@example.com,26,66771
1042,User1042,user1042@example.com,60,97349
1043,User1043,user1043@example.com,46,56380
1044,User1044,user1044@example.com,63,84992
1045,User1045,user1045@example.com,25,35292
1046,User1046,user1046@example.com,53,49131
1047,User1047,user1047@example.com,61,84977
1048,User1048,user1048@example.com,36,49410
1049,User1049,user1049@example.com,55,33553
1050,User1050,user1050@example.com,23,70154
1051,User1051,user1051@example.com,64,30076
1052,User1052,user1052@example.com,62,82337
1053,User1053,user1053@example.com,25,73167
1054,User1054,user1054@example.com,44,85290
1055,User1055,user1055@example.com,44,99629
1056,User1056,user1056@example.com,65,65356
1057,User1057,user1057@example.com,57,81056
1058,User1058,user1058@example.com,26,86925
1059,User1059,user1059@example.com,20,85099
1060,User1060,user1060@example.com,68,53199
1061,User1061,user1061@example.com,67,86635
1062,User1062,user1062@example.com,38,71288
1063,User1063,user1063@example.com,63,55661
1064,User1064,user1064@example.com,50,70158
1065,User1065,user1065@example.com,54,32835
1066,User1066,user1066@example.com,64,83456
1067,User1067,user1067@example.com,31,52528
1068,User1068,user1068@example.com,60,74460
1069,User1069,user1069@example.com,43,37655
1070,User1070,user1070@example.com,47,51841
1071,User1071,user1071@example.com,37,98097
1072,User1072,user1072@example.com,31,81892
1073,User1073,user1073@example.com,58,36895
1074,User1074,user1074@example.com,56,56660
1075,User1075,user1075@example.com,43,45934
1076,User1076,user1076@example.com,44,69758
1077,User1077,user1077@example.com,54,38648
1078,User1078,user1078@example.com,41,35235
1079,User1079,user1079@example.com,61,64138
1080,User1080,user1080@example.com,37,98020
1081,User1081,user1081@example.com,60,52020
1082,User1082,user1082@example.com,42,81179
1083,User1083,user1083@example.com,69,67414
1084,User1084,user1084@example.com,45,65694
1085,User1085,user1085@example.com,53,99687
1086,User1086,user1086@example.com,56,64893
1087,User1087,user1087@example.com,56,36833
1088,User1088,user1088@example.com,56,76038
1089,User1089,user1089@example.com,21,54499
1090,User1090,user1090@example.com,64,73959
1091,User1091,user1091@example.com,51,44140
1092,User1092,user1092@example.com,54,97157
1093,User1093,user1093@example.com,22,62450
1094,User1094,user1094@example.com,66,71053
1095,User1095,user1095@example.com,25,58778
1096,User1096,user1096@example.com,33,66632
1097,User1097,user1097@example.com,51,82472
1098,User1098,user1098@example.com,44,94473
1099,User1099,user1099@example.com,64,46455
1100,User1100,user1100@example.com,37,69620
1101,User1101,user1101@example.com,58,35573
1102,User1102,user1102@example.com,30,94598
1103,User1103,user1103@example.com,42,81304
1104,User1104,user1104@example.com,68,82595
1105,User1105,user1105@example.com,39,43136
1106,User1106,user1106@example.com,48,33818
1107,User1107,user1107@example.com,25,92962
1108,User1108,user1108@example.com,27,69265
1109,User1109,user1109@example.com,59,89584
1110,User1110,user1110@example.com,49,78882
1111,User1111,user1111@example.com,27,65154
1112,User1112,user1112@example.com,21,55692
1113,User1113,user1113@example.com,55,94092
1114,User1114,user1114@example.com,68,44728
1115,User1115,user1115@example.com,28,58307
1116,User1116,user1116@example.com,47,66548
1117,User1117,user1117@example.com,31,65882
1118,User1118,user1118@example.com,24,91367
1119,User1119,user1119@example.com,60,91610
1120,User1120,user1120@example.com,33,51388
1121,User1121,user1121@example.com,64,86290
1122,User1122,user1122@example.com,48,83329
1123,User1123,user1123@example.com,51,57897
1124,User1124,user1124@example.com,34,64846
1125,User1125,user1125@example.com,25,46392
1126,User1126,user1126@example.com,42,44314
1127,User1127,user1127@example.com,26,44961
1128,User1128,user1128@example.com,27,79611
1129,User1129,user1129@example.com,26,87621
1130,User1130,user1130@example.com,61,80138
1131,User1131,user1131@example.com,52,43887
1132,User1132,user1132@example.com,43,80417
1133,User1133,user1133@example.com,41,72404
1134,User1134,user1134@example.com,45,75167
1135,User1135,user1135@example.com,48,52075
1136,User1136,user1136@example.com,44,74124
1137,User1137,user1137@example.com,42,63617
1138,User1138,user1138@example.com,39,43548
1139,User1139,user1139@example.com,67,92525
1140,User1140,user1140@example.com,30,76770
1141,User1141,user1141@example.com,55,46162
1142,User1142,user1142@example.com,45,99415
1143,User1143,user1143@example.com,55,62615
1144,User1144,user1144@example.com,52,58652
1145,User1145,user1145@example.com,46,49072
1146,User1146,user1146@example.com,65,85991
1147,User1147,user1147@example.com,44,62255
1148,User1148,user1148@example.com,65,93339
1149,User1149,user1149@example.com,24,92986
1150,User1150,user1150@example.com,20,73199
1151,User1151,user1151@example.com,36,77196
1152,User1152,user1152@example.com,44,45868
1153,User1153,user1153@example.com,32,47636
1154,User1154,user1154@example.com,47,73955
1155,User1155,user1155@example.com,66,82362
1156,User1156,user1156@example.com,69,30347
1157,User1157,user1157@example.com,38,52628
1158,User1158,user1158@example.com,52,37708
1159,User1159,user1159@example.com,69,78488
1160,User1160,user1160@example.com,34,93262
1161,User1161,user1161@example.com,28,78345
1162,User1162,user1162@example.com,69,45215
1163,User1163,user1163@example.com,42,77588
1164,User1164,user1164@example.com,65,92406
1165,User1165,user1165@example.com,46,80833
1166,User1166,user1166@example.com,23,62337
1167,User1167,user1167@example.com,39,76028
1168,User1168,user1168@example.com,60,47931
1169,User1169,user1169@example.com,30,99329
1170,User1170,user1170@example.com,43,99116
1171,User1171,user1171@example.com,61,91530
1172,User1172,user1172@example.com,64,43000
1173,User1173,user1173@example.com,68,85575
1174,User1174,user1174@example.com,22,84241
1175,User1175,user1175@example.com,57,75695
1176,User1176,user1176@example.com,63,61324
1177,User1177,user1177@example.com,36,43055
1178,User1178,user1178@example.com,61,98690
1179,User1179,user1179@example.com,51,76438
1180,User1180,user1180@example.com,69,90008
1181,User1181,user1181@example.com,37,34369
1182,User1182,user1182@example.com,60,36635
1183,User1183,user1183@example.com,33,55118
1184,User1184,user1184@example.com,57,61844
1185,User1185,user1185@example.com,52,70181
1186,User1186,user1186@example.com,69,95491
1187,User1187,user1187@example.com,57,33187
1188,User1188,user1188@example.com,57,33443
1189,User1189,user1189@example.com,68,56303
1190,User1190,user1190@example.com,22,32331
1191,User1191,user1191@example.com,49,73584
1192,User1192,user1192@example.com,51,94373
1193,User1193,user1193@example.com,36,86485
1194,User1194,user1194@example.com,35,30103
1195,User1195,user1195@example.com,58,53073
1196,User1196,user1196@example.com,35,44861
1197,User1197,user1197@example.com,65,52318
1198,User1198,user1198@example.com,36,66331
1199,User1199,user1199@example.com,53,97642
1200,User1200,user1200@example.com,50,40771
1201,User1201,user1201@example.com,64,42123
1202,User1202,user1202@example.com,26,72172
1203,User1203,user1203@example.com,34,51232
1204,User1204,user1204@example.com,21,62846
1205,User1205,user1205@example.com,30,97567
1206,User1206,user1206@example.com,44,36810
1207,User1207,user1207@example.com,41,41590
1208,User1208,user1208@example.com,31,94721
1209,User1209,user1209@example.com,51,31441
1210,User1210,user1210@example.com,36,53219
1211,User1211,user1211@example.com,38,48242
1212,User1212,user1212@example.com,62,63048
1213,User1213,user1213@example.com,20,61246
1214,User1214,user1214@example.com,34,82684
1215,User1215,user1215@example.com,62,48426
1216,User1216,user1216@example.com,29,55631
1217,User1217,user1217@example.com,43,88558
1218,User1218,user1218@example.com,23,53043
1219,User1219,user1219@example.com,47,50074
1220,User1220,user1220@example.com,50,94898
1221,User1221,user1221@example.com,58,99949
1222,User1222,user1222@example.com,35,72423
1223,User1223,user1223@example.com,55,51020
1224,User1224,user1224@example.com,28,58030
1225,User1225,user1225@example.com,57,83540
1226,User1226,user1226@example.com,28,83891
1227,User1227,user1227@example.com,37,89218
1228,User1228,user1228@example.com,56,98692
1229,User1229,user1229@example.com,30,53610
1230,User1230,user1230@example.com,30,79577
1231,User1231,user1231@example.com,63,41685
1232,User1232,user1232@example.com,22,35569
1233,User1233,user1233@example.com,26,55970
1234,User1234,user1234@example.com,41,39088
1235,User1235,user1235@example.com,24,55383
1236,User1236,user1236@example.com,57,64065
1237,User1237,user1237@example.com,34,76491
1238,User1238,user1238@example.com,41,97130
1239,User1239,user1239@example.com,31,85259
1240,User1240,user1240@example.com,49,60200
1241,User1241,user1241@example.com,32,68508
1242,User1242,user1242@example.com,20,96231
1243,User1243,user1243@example.com,30,39322
1244,User1244,user1244@example.com,53,84769
1245,User1245,user1245@example.com,41,96230
1246,User1246,user1246@example.com,48,90636
1247,User1247,user1247@example.com,49,41835
1248,User1248,user1248@example.com,38,45943
1249,User1249,user1249@example.com,57,49241
1250,User1250,user1250@example.com,50,39795
1251,User1251,user1251@example.com,33,82750
1252,User1252,user1252@example.com,46,70717
1253,User1253,user1253@example.com,49,56038
1254,User1254,user1254@example.com,50,51341
1255,User1255,user1255@example.com,61,46019
1256,User1256,user1256@example.com,51,54168
1257,User1257,user1257@example.com,61,57535
1258,User1258,user1258@example.com,40,80155
1259,User1259,user1259@example.com,64,34805
1260,User1260,user1260@example.com,69,79220
1261,User1261,user1261@example.com,46,74289
1262,User1262,user1262@example.com,33,70615
1263,User1263,user1263@example.com,62,67119
1264,User1264,user1264@example.com,30,83984
1265,User1265,user1265@example.com,51,45796
1266,User1266,user1266@example.com,29,68973
1267,User1267,user1267@example.com,27,53201
1268,User1268,user1268@example.com,51,53982
1269,User1269,user1269@example.com,58,73749
1270,User1270,user1270@example.com,67,54170
1271,User1271,user1271@example.com,30,74792
1272,User1272,user1272@example.com,56,54747
1273,User1273,user1273@example.com,39,81432
1274,User1274,user1274@example.com,63,81706
1275,User1275,user1275@example.com,41,34754
1276,User1276,user1276@example.com,23,50536
1277,User1277,user1277@example.com,60,99995
1278,User1278,user1278@example.com,46,86173
1279,User1279,user1279@example.com,47,98398
1280,User1280,user1280@example.com,23,84885
1281,User1281,user1281@example.com,47,54571
1282,User1282,user1282@example.com,53,59824
1283,User1283,user1283@example.com,47,85975
1284,User1284,user1284@example.com,41,44305
1285,User1285,user1285@example.com,37,45504
1286,User1286,user1286@example.com,31,52800
1287,User1287,user1287@example.com,32,52456
1288,User1288,user1288@example.com,32,61485
1289,User1289,user1289@example.com,60,60876
1290,User1290,user1290@example.com,53,65113
1291,User1291,user1291@example.com,21,76214
1292,User1292,user1292@example.com,63,36149
1293,User1293,user1293@example.com,52,33225
1294,User1294,user1294@example.com,55,35305
1295,User1295,user1295@example.com,51,91070
1296,User1296,user1296@example.com,23,91769
1297,User1297,user1297@example.com,34,73627
1298,User1298,user1298@example.com,60,96007
1299,User1299,user1299@example.com,34,80700
1300,User1300,user1300@example.com,34,41210
1301,User1301,user1301@example.com,65,66184
1302,User1302,user1302@example.com,35,86520
1303,User1303,user1303@example.com,20,45198
1304,User1304,user1304@example.com,49,70344
1305,User1305,user1305@example.com,49,91195
1306,User1306,user1306@example.com,49,49239
1307,User1307,user1307@example.com,37,73067
1308,User1308,user1308@example.com,21,44995
1309,User1309,user1309@example.com,55,38014
1310,User1310,user1310@example.com,46,35518
1311,User1311,user1311@example.com,50,80778
1312,User1312,user1312@example.com,45,53151
1313,User1313,user1313@example.com,51,39269
1314,User1314,user1314@example.com,63,55189
1315,User1315,user1315@example.com,69,76238
1316,User1316,user1316@example.com,24,67566
1317,User1317,user1317@example.com,36,62411
1318,User1318,user1318@example.com,35,63661
1319,User1319,user1319@example.com,60,96385
1320,User1320,user1320@example.com,49,72395
1321,User1321,user1321@example.com,30,92267
1322,User1322,user1322@example.com,50,97320
1323,User1323,user1323@example.com,20,91858
1324,User1324,user1324@example.com,41,59122
1325,User1325,user1325@example.com,36,88861
1326,User1326,user1326@example.com,57,64252
1327,User1327,user1327@example.com,41,83276
1328,User1328,user1328@example.com,40,75476
1329,User1329,user1329@example.com,44,95407
1330,User1330,user1330@example.com,42,78283
1331,User1331,user1331@example.com,25,97893
1332,User1332,user1332@example.com,33,33314
1333,User1333,user1333@example.com,23,80420
1334,User1334,user1334@example.com,69,77991
1335,User1335,user1335@example.com,64,87930
1336,User1336,user1336@example.com,24,43627
1337,User1337,user1337@example.com,67,84354
1338,User1338,user1338@example.com,20,92844
1339,User1339,user1339@example.com,40,73429
1340,User1340,user1340@example.com,38,92062
1341,User1341,user1341@example.com,22,55590
1342,User1342,user1342@example.com,45,94672
1343,User1343,user1343@example.com,33,51044
1344,User1344,user1344@example.com,60,78537
1345,User1345,user1345@example.com,40,85863
1346,User1346,user1346@example.com,25,94324
1347,User1347,user1347@example.com,29,75499
1348,User1348,user1348@example.com,59,98989
1349,User1349,user1349@example.com,49,72283
1350,User1350,user1350@example.com,41,37969
1351,User1351,user1351@example.com,40,35442
1352,User1352,user1352@example.com,37,51496
1353,User1353,user1353@example.com,53,68185
1354,User1354,user1354@example.com,60,64705
1355,User1355,user1355@example.com,69,80675
1356,User1356,user1356@example.com,45,53150
1357,User1357,user1357@example.com,45,40483
1358,User1358,user1358@example.com,43,43686
1359,User1359,user1359@example.com,33,30146
1360,User1360,user1360@example.com,68,55913
1361,User1361,user1361@example.com,61,51948
1362,User1362,user1362@example.com,31,70946
1363,User1363,user1363@example.com,20,80769
1364,User1364,user1364@example.com,41,34340
1365,User1365,user1365@example.com,32,59328
1366,User1366,user1366@example.com,52,85513
1367,User1367,user1367@example.com,27,63955
1368,User1368,user1368@example.com,63,89213
1369,User1369,user1369@example.com,48,70905
1370,User1370,user1370@example.com,31,82685
1371,User1371,user1371@example.com,27,55537
1372,User1372,user1372@example.com,22,45364
1373,User1373,user1373@example.com,56,83045
1374,User1374,user1374@example.com,62,31048
1375,User1375,user1375@example.com,25,81429
1376,User1376,user1376@example.com,33,81100
1377,User1377,user1377@example.com,22,65133
1378,User1378,user1378@example.com,23,98038
1379,User1379,user1379@example.com,46,46723
1380,User1380,user1380@example.com,33,95062
1381,User1381,user1381@example.com,39,38016
1382,User1382,user1382@example.com,46,55688
1383,User1383,user1383@example.com,52,39307
1384,User1384,user1384@example.com,45,42882
1385,User1385,user1385@example.com,20,35284
1386,User1386,user1386@example.com,22,32992
1387,User1387,user1387@example.com,37,36971
1388,User1388,user1388@example.com,23,80739
1389,User1389,user1389@example.com,46,46902
1390,User1390,user1390@example.com,66,87342
1391,User1391,user1391@example.com,22,64137
1392,User1392,user1392@example.com,34,40245
1393,User1393,user1393@example.com,23,48991
1394,User1394,user1394@example.com,25,65020
1395,User1395,user1395@example.com,29,69867
1396,User1396,user1396@example.com,43,39688
1397,User1397,user1397@example.com,28,83620
1398,User1398,user1398@example.com,37,74135
1399,User1399,user1399@example.com,34,94475
1400,User1400,user1400@example.com,44,48584
1401,User1401,user1401@example.com,21,60229
1402,User1402,user1402@example.com,29,42763
1403,User1403,user1403@example.com,54,86570
1404,User1404,user1404@example.com,34,92494
1405,User1405,user1405@example.com,44,66267
1406,User1406,user1406@example.com,38,33888
1407,User1407,user1407@example.com,34,38055
1408,User1408,user1408@example.com,25,78743
1409,User1409,user1409@example.com,21,60206
1410,User1410,user1410@example.com,20,74117
1411,User1411,user1411@example.com,29,87946
1412,User1412,user1412@example.com,52,75347
1413,User1413,user1413@example.com,65,44093
1414,User1414,user1414@example.com,47,35592
1415,User1415,user1415@example.com,44,59684
1416,User1416,user1416@example.com,55,96249
1417,User1417,user1417@example.com,48,61808
1418,User1418,user1418@example.com,22,94194
1419,User1419,user1419@example.com,57,88916
1420,User1420,user1420@example.com,46,63354
1421,User1421,user1421@example.com,52,78576
1422,User1422,user1422@example.com,32,61554
1423,User1423,user1423@example.com,31,40283
1424,User1424,user1424@example.com,63,89747
1425,User1425,user1425@example.com,36,92257
1426,User1426,user1426@example.com,59,79018
1427,User1427,user1427@example.com,36,55629
1428,User1428,user1428@example.com,51,45608
1429,User1429,user1429@example.com,37,33004
1430,User1430,user1430@example.com,66,83046
1431,User1431,user1431@example.com,50,56263
1432,User1432,user1432@example.com,48,73482
1433,User1433,user1433@example.com,51,35526
1434,User1434,user1434@example.com,41,84821
1435,User1435,user1435@example.com,57,35702
1436,User1436,user1436@example.com,35,95117
1437,User1437,user1437@example.com,56,49747
1438,User1438,user1438@example.com,35,45281
1439,User1439,user1439@example.com,31,46891
1440,User1440,user1440@example.com,64,44903
1441,User1441,user1441@example.com,49,63172
1442,User1442,user1442@example.com,50,48694
1443,User1443,user1443@example.com,23,78620
1444,User1444,user1444@example.com,23,93061
1445,User1445,user1445@example.com,34,83150
1446,User1446,user1446@example.com,35,83166
1447,User1447,user1447@example.com,63,69280
1448,User1448,user1448@example.com,20,69366
1449,User1449,user1449@example.com,63,72362
1450,User1450,user1450@example.com,65,80621
1451,User1451,user1451@example.com,31,34625
1452,User1452,user1452@example.com,50,90361
1453,User1453,user1453@example.com,41,66670
1454,User1454,user1454@example.com,53,85552
1455,User1455,user1455@example.com,55,32970
1456,User1456,user1456@example.com,53,91032
1457,User1457,user1457@example.com,49,31075
1458,User1458,user1458@example.com,68,58336
1459,User1459,user1459@example.com,34,98894
1460,User1460,user1460@example.com,55,35965
1461,User1461,user1461@example.com,60,40847
1462,User1462,user1462@example.com,44,41720
1463,User1463,user1463@example.com,63,52509
1464,User1464,user1464@example.com,61,54337
1465,User1465,user1465@example.com,35,97343
1466,User1466,user1466@example.com,45,48718
1467,User1467,user1467@example.com,64,85728
1468,User1468,user1468@example.com,30,89656
1469,User1469,user1469@example.com,53,62620
1470,User1470,user1470@example.com,42,75924
1471,User1471,user1471@example.com,20,85198
1472,User1472,user1472@example.com,28,72282
1473,User1473,user1473@example.com,57,46241
1474,User1474,user1474@example.com,38,69733
1475,User1475,user1475@example.com,37,53107
1476,User1476,user1476@example.com,69,85890
1477,User1477,user1477@example.com,47,58913
1478,User1478,user1478@example.com,33,63804
1479,User1479,user1479@example.com,48,35238
1480,User1480,user1480@example.com,52,89756
1481,User1481,user1481@example.com,30,30032
1482,User1482,user1482@example.com,45,93837
1483,User1483,user1483@example.com,39,34438
1484,User1484,user1484@example.com,42,56644
1485,User1485,user1485@example.com,38,65952
1486,User1486,user1486@example.com,69,47673
1487,User1487,user1487@example.com,62,81758
1488,User1488,user1488@example.com,36,50194
1489,User1489,user1489@example.com,67,38380
1490,User1490,user1490@example.com,60,55600
1491,User1491,user1491@example.com,42,67359
1492,User1492,user1492@example.com,60,37010
1493,User1493,user1493@example.com,47,94533
1494,User1494,user1494@example.com,25,40826
1495,User1495,user1495@example.com,40,43111
1496,User1496,user1496@example.com,29,52765
1497,User1497,user1497@example.com,31,89041
1498,User1498,user1498@example.com,27,76232
1499,User1499,user1499@example.com,60,74196
1500,User1500,user1500@example.com,55,69287
1501,User1501,user1501@example.com,49,56097
1502,User1502,user1502@example.com,39,65963
1503,User1503,user1503@example.com,48,99612
1504,User1504,user1504@example.com,51,90728
1505,User1505,user1505@example.com,25,75140
1506,User1506,user1506@example.com,55,91983
1507,User1507,user1507@example.com,68,31134
1508,User1508,user1508@example.com,53,61459
1509,User1509,user1509@example.com,64,96154
1510,User1510,user1510@example.com,61,46182
1511,User1511,user1511@example.com,61,86765
1512,User1512,user1512@example.com,41,40027
1513,User1513,user1513@example.com,54,43562
1514,User1514,user1514@example.com,52,52852
1515,User1515,user1515@example.com,24,48602
1516,User1516,user1516@example.com,64,58543
1517,User1517,user1517@example.com,54,66420
1518,User1518,user1518@example.com,55,83614
1519,User1519,user1519@example.com,24,85347
1520,User1520,user1520@example.com,20,37602
1521,User1521,user1521@example.com,48,80499
1522,User1522,user1522@example.com,50,36300
1523,User1523,user1523@example.com,27,61650
1524,User1524,user1524@example.com,57,68813
1525,User1525,user1525@example.com,44,75603
1526,User1526,user1526@example.com,29,81796
1527,User1527,user1527@example.com,65,90557
1528,User1528,user1528@example.com,66,66844
1529,User1529,user1529@example.com,36,80219
1530,User1530,user1530@example.com,54,34167
1531,User1531,user1531@example.com,69,42185
1532,User1532,user1532@example.com,39,82237
1533,User1533,user1533@example.com,49,89777
1534,User1534,user1534@example.com,22,72956
1535,User1535,user1535@example.com,63,45497
1536,User1536,user1536@example.com,62,79005
1537,User1537,user1537@example.com,58,67254
1538,User1538,user1538@example.com,30,92731
1539,User1539,user1539@example.com,23,93638
1540,User1540,user1540@example.com,34,67102
1541,User1541,user1541@example.com,22,50622
1542,User1542,user1542@example.com,57,88224
1543,User1543,user1543@example.com,53,30140
1544,User1544,user1544@example.com,65,46919
1545,User1545,user1545@example.com,47,71411
1546,User1546,user1546@example.com,59,59493
1547,User1547,user1547@example.com,42,73749
1548,User1548,user1548@example.com,62,51883
1549,User1549,user1549@example.com,35,46812
1550,User1550,user1550@example.com,27,73470
1551,User1551,user1551@example.com,36,68252
1552,User1552,user1552@example.com,64,75589
1553,User1553,user1553@example.com,35,60500
1554,User1554,user1554@example.com,65,68763
1555,User1555,user1555@example.com,64,63897
1556,User1556,user1556@example.com,60,71246
1557,User1557,user1557@example.com,39,66231
1558,User1558,user1558@example.com,69,86168
1559,User1559,user1559@example.com,48,62649
1560,User1560,user1560@example.com,33,47319
1561,User1561,user1561@example.com,33,57968
1562,User1562,user1562@example.com,41,66906
1563,User1563,user1563@example.com,26,59971
1564,User1564,user1564@example.com,49,65959
